,00_parameters/N,00_parameters/k,00_parameters/max_ls,00_parameters/pad_size,01_bounding_box_data/bounding_circle,01_bounding_box_data/bounding_square,01_bounding_box_data/bounding_square_height,01_bounding_box_data/bounding_square_width,02_simulation_data/num_diff_locus_points,02_simulation_data/num_brownian_motion_steps,03_cv_data/cv_centroid_x,03_cv_data/cv_centroid_y,03_cv_data/cv_leftmost_x,03_cv_data/cv_leftmost_y,03_cv_data/cv_rightmost_x,03_cv_data/cv_rightmost_y,03_cv_data/cv_topmost_x,03_cv_data/cv_topmost_y,03_cv_data/cv_bottommost_x,03_cv_data/cv_bottommost_y,03_cv_data/cv_contour_area,03_cv_data/cv_contour_perimeter,03_cv_data/cv_contour_k,03_cv_data/cv_boundingRect_x,03_cv_data/cv_boundingRect_y,03_cv_data/cv_boundingRect_w,03_cv_data/cv_boundingRect_h,03_cv_data/cv_boundingRect_area,03_cv_data/cv_hull_area,03_cv_data/cv_extent,03_cv_data/cv_solidity,03_cv_data/cv_minEnclosingCircle_center_x,03_cv_data/cv_minEnclosingCircle_center_y,03_cv_data/cv_minEnclosingCircle_r,03_cv_data/cv_equi_radius,04_fractal_dimension/polyfit_coeff0,04_fractal_dimension/polyfit_coeff1
0,75,1.0,63,1,1550.14477415719,961.0,31,31,128,1,17,16,8,8,30,8,15,6,21,24,9.0,174.1076455116272,False,8,6,23,19,437,305.5,0.020594965675057208,0.029459901800327332,19.0,14.166666984558105,12.610722541809082,1.692568750643269,0.5373859586549283,6.711947366220165
1,76,1.0,63,1,1550.14477415719,961.0,31,31,128,439,17,16,8,8,30,8,15,6,21,24,9.0,176.93607258796692,False,8,6,23,19,437,311.5,0.020594965675057208,0.028892455858747994,19.0,14.166666984558105,12.610722541809082,1.692568750643269,0.5441223578104203,6.741807597408084
2,77,1.0,63,1,1550.14477415719,961.0,31,31,128,24,18,16,8,8,30,8,15,6,21,24,9.5,177.52185904979706,False,8,6,23,19,437,311.5,0.021739130434782608,0.030497592295345103,19.0,14.166666984558105,12.610722541809082,1.738949084575512,0.5478941632606837,6.756894819209139
3,78,1.0,63,1,1753.8092278230038,1089.0,33,33,136,29,19,17,9,9,32,10,16,7,22,25,9.5,180.35028612613678,False,9,7,24,19,456,320.0,0.020833333333333332,0.0296875,20.269229888916016,14.807692527770996,12.677831649780273,1.738949084575512,0.46797641612091934,6.592256318847936
4,79,1.0,63,1,1753.8092278230038,1089.0,33,33,136,22,20,16,9,9,32,10,16,7,22,25,10.5,181.1787132024765,False,9,7,24,19,456,323.5,0.023026315789473683,0.03245749613601236,20.269229888916016,14.807692527770996,12.677831649780273,1.828183197857863,0.4592255949333455,6.602382836767951
5,80,1.0,63,1,1753.8092278230038,1089.0,33,33,136,42,20,16,9,9,32,10,16,7,22,25,10.5,184.00714027881622,False,9,7,24,19,456,327.5,0.023026315789473683,0.03206106870229008,20.269229888916016,14.807692527770996,12.677831649780273,1.828183197857863,0.45938079647850333,6.629321246586983
6,81,1.0,63,1,1753.8092278230038,1089.0,33,33,136,50,20,16,9,9,32,10,16,7,22,25,10.5,186.83556735515594,False,9,7,24,19,456,336.0,0.023026315789473683,0.03125,20.214696884155273,16.061960220336914,13.2530517578125,1.828183197857863,0.458022438110526,6.6599090779372
7,82,1.0,63,1,1753.8092278230038,1089.0,33,33,136,131,20,16,9,9,32,10,16,7,22,25,10.5,188.83556735515594,False,9,7,24,19,456,336.0,0.023026315789473683,0.03125,20.214696884155273,16.061960220336914,13.2530517578125,1.828183197857863,0.46399213855780463,6.694835931756069
8,83,1.0,63,1,1753.8092278230038,1089.0,33,33,136,201,20,16,9,9,32,10,17,6,22,25,10.5,191.66399443149567,False,9,6,24,20,480,342.5,0.021875,0.030656934306569343,20.214696884155273,16.061960220336914,13.2530517578125,1.828183197857863,0.4671427168252736,6.7226201501016085
9,84,1.0,63,1,1753.8092278230038,1089.0,33,33,136,11,20,16,9,9,32,10,17,6,22,25,10.5,194.4924215078354,False,9,6,24,20,480,347.5,0.021875,0.030215827338129497,20.214696884155273,16.061960220336914,13.2530517578125,1.828183197857863,0.47071026268166793,6.744398583806734
10,85,1.0,63,1,1753.8092278230038,1089.0,33,33,136,22,20,16,9,9,32,10,17,6,22,25,11.0,195.90663504600525,False,9,6,24,20,480,347.5,0.022916666666666665,0.031654676258992806,20.214696884155273,16.061960220336914,13.2530517578125,1.8712051592547776,0.47537749675005464,6.7679120233614025
11,86,1.0,63,1,1970.0400453174539,1225.0,35,35,144,183,21,17,10,10,34,10,18,7,23,26,11.0,198.73506212234497,False,10,7,25,20,500,356.0,0.022,0.03089887640449438,22.0,16.03125,13.430512428283691,1.8712051592547776,0.46699712772971175,6.775546438684022
12,87,1.0,63,1,2198.8375436933243,1369.0,37,37,152,123,22,18,11,11,35,11,19,8,24,27,11.0,200.73506212234497,False,11,8,25,20,500,360.5,0.022,0.030513176144244106,23.258024215698242,16.69259262084961,13.515454292297363,1.8712051592547776,0.45929467926664763,6.784125398766743
13,88,1.0,63,1,2198.8375436933243,1369.0,37,37,152,309,22,18,11,11,35,11,19,8,24,27,11.0,202.73506212234497,False,11,8,25,20,500,368.5,0.022,0.029850746268656716,23.28078842163086,17.238916397094727,13.7747802734375,1.8712051592547776,0.4637640157422381,6.8066264392684515
14,89,1.0,63,1,2198.8375436933243,1369.0,37,37,152,41,22,18,11,11,35,11,19,8,24,27,11.5,204.14927566051483,False,11,8,25,20,500,368.5,0.023,0.031207598371777476,23.28078842163086,17.238916397094727,13.7747802734375,1.913259964331453,0.46609284607496615,6.817494314154517
15,90,1.0,63,1,2198.8375436933243,1369.0,37,37,152,106,23,18,11,11,35,11,19,8,33,28,12.0,205.5634891986847,False,11,8,25,21,525,374.0,0.022857142857142857,0.03208556149732621,23.304651260375977,17.811628341674805,14.064335823059082,1.9544100476116797,0.4683956554125771,6.828240757730034
16,91,1.0,63,1,2198.8375436933243,1369.0,37,37,152,456,23,18,11,11,35,11,19,8,33,28,12.0,207.5634891986847,False,11,8,25,21,525,374.0,0.022857142857142857,0.03208556149732621,23.304651260375977,17.811628341674805,14.064335823059082,1.9544100476116797,0.47067301882243795,6.838868453642716
17,92,1.0,63,1,2198.8375436933243,1369.0,37,37,152,121,23,18,11,11,35,11,19,8,33,28,12.0,210.3919162750244,False,11,8,25,21,525,376.5,0.022857142857142857,0.03187250996015936,23.304651260375977,17.811628341674805,14.064335823059082,1.9544100476116797,0.47355739439277056,6.8640705906680415
18,93,1.0,63,1,2198.8375436933243,1369.0,37,37,152,52,23,18,11,11,35,11,17,8,33,28,12.0,213.22034335136414,False,11,8,25,21,525,377.5,0.022857142857142857,0.031788079470198675,23.304651260375977,17.811628341674805,14.064335823059082,1.9544100476116797,0.477829522996147,6.88559697361409
19,94,1.0,63,1,2440.2011057932964,1521.0,39,39,160,2,24,19,12,12,37,11,18,9,34,29,12.5,214.634556889534,False,12,9,26,21,546,386.5,0.022893772893772892,0.03234152652005175,24.768455505371094,18.211408615112305,14.199223518371582,1.9947114020071635,0.480033814506091,6.895883667327161
20,95,1.0,63,1,2440.2011057932964,1521.0,39,39,160,320,24,19,12,12,37,11,21,8,34,29,12.5,217.46298396587372,False,12,8,26,22,572,397.5,0.021853146853146852,0.031446540880503145,24.768455505371094,18.211408615112305,14.199223518371582,1.9947114020071635,0.4832326057345849,6.915561214357562
21,96,1.0,63,1,2440.2011057932964,1521.0,39,39,160,158,24,19,12,12,37,11,21,8,34,29,12.5,220.29141104221344,False,12,8,26,22,572,406.0,0.021853146853146852,0.03078817733990148,24.768455505371094,18.211408615112305,14.199223518371582,1.9947114020071635,0.48699738282323424,6.949111414810471
22,97,1.0,63,1,2440.2011057932964,1521.0,39,39,160,182,24,19,12,12,37,11,17,8,34,29,12.5,223.11983811855316,False,12,8,26,22,572,410.0,0.021853146853146852,0.03048780487804878,24.768455505371094,18.211408615112305,14.199223518371582,1.9947114020071635,0.492081665068729,6.978903283753429
23,98,1.0,63,1,2440.2011057932964,1521.0,39,39,160,158,25,19,12,12,37,11,17,8,34,29,13.0,224.53405165672302,False,12,8,26,22,572,418.0,0.022727272727272728,0.03110047846889952,25.0479736328125,17.849679946899414,14.299345016479492,2.0342144725641096,0.49419552248702625,6.988767951705483
24,99,1.0,63,1,2440.2011057932964,1521.0,39,39,160,616,25,19,12,12,37,11,17,8,34,29,13.0,227.36247873306274,False,12,8,26,22,572,418.0,0.022727272727272728,0.03110047846889952,25.0479736328125,17.849679946899414,14.299345016479492,2.0342144725641096,0.4982353541819481,7.0091351713817875
25,100,1.0,63,1,2440.2011057932964,1521.0,39,39,160,70,25,19,12,12,37,11,17,8,34,29,13.0,230.19090580940247,False,12,8,26,22,572,418.0,0.022727272727272728,0.03110047846889952,25.0479736328125,17.849679946899414,14.299345016479492,2.0342144725641096,0.5022239623979743,7.029239863925143
26,101,1.0,63,1,2440.2011057932964,1521.0,39,39,160,421,25,19,12,12,37,11,17,8,34,29,13.0,233.0193328857422,False,12,8,26,22,572,418.0,0.022727272727272728,0.03110047846889952,25.0479736328125,17.849679946899414,14.299345016479492,2.0342144725641096,0.5057587204846082,7.061087213565131
27,102,1.0,63,1,2440.2011057932964,1521.0,39,39,160,287,25,19,12,12,37,11,17,8,26,29,13.0,235.8477599620819,False,12,8,26,22,572,424.0,0.022727272727272728,0.030660377358490566,25.0479736328125,17.849679946899414,14.299345016479492,2.0342144725641096,0.5096488493245079,7.080687486224617
28,103,1.0,63,1,2440.2011057932964,1521.0,39,39,160,159,25,19,12,12,37,11,17,8,26,29,13.0,238.67618703842163,False,12,8,26,22,572,424.0,0.022727272727272728,0.030660377358490566,25.0479736328125,17.849679946899414,14.299345016479492,2.0342144725641096,0.5134916172798311,7.100045313402296
29,104,1.0,63,1,2440.2011057932964,1521.0,39,39,160,87,25,19,12,12,37,11,17,8,26,30,13.0,240.67618703842163,False,12,8,26,23,598,431.0,0.021739130434782608,0.030162412993039442,25.0479736328125,17.849679946899414,14.299345016479492,2.0342144725641096,0.5070713235386555,7.101811751338075
30,105,1.0,63,1,2440.2011057932964,1521.0,39,39,160,108,25,19,12,12,37,11,17,7,26,30,13.0,242.67618703842163,False,12,7,26,24,624,438.5,0.020833333333333332,0.029646522234891677,25.0479736328125,17.849679946899414,14.299345016479492,2.0342144725641096,0.504017322860178,7.115205813417515
31,106,1.0,63,1,2440.2011057932964,1521.0,39,39,160,311,25,19,12,12,37,11,17,7,27,31,13.0,245.50461411476135,False,12,7,26,25,650,446.0,0.02,0.02914798206278027,25.0479736328125,17.849679946899414,14.299345016479492,2.0342144725641096,0.5068768526948271,7.132778133942856
32,107,1.0,63,1,2440.2011057932964,1521.0,39,39,160,156,25,19,11,11,37,11,17,7,27,31,13.0,248.33304119110107,False,11,7,27,25,675,456.0,0.01925925925925926,0.02850877192982456,24.278003692626953,17.728105545043945,14.885422706604004,2.0342144725641096,0.4996127051494605,7.137925656004159
33,108,1.0,63,1,2440.2011057932964,1521.0,39,39,160,246,25,19,11,11,37,11,17,7,27,31,13.0,251.1614682674408,False,11,7,27,25,675,463.5,0.01925925925925926,0.028047464940668825,24.278003692626953,17.728105545043945,14.885422706604004,2.0342144725641096,0.4967660156848941,7.150973520254173
34,109,1.0,63,1,2440.2011057932964,1521.0,39,39,160,65,25,19,11,11,37,11,17,7,27,31,13.0,253.98989534378052,False,11,7,27,25,675,469.5,0.01925925925925926,0.027689030883919063,24.278003692626953,17.728105545043945,14.885422706604004,2.0342144725641096,0.5003712381243342,7.16912452880074
35,110,1.0,63,1,2694.131031721905,1681.0,41,41,168,316,26,19,12,12,39,11,18,8,28,32,13.5,255.40410888195038,False,12,8,28,25,700,478.0,0.019285714285714285,0.028242677824267783,25.74557876586914,18.130647659301758,15.050874710083008,2.072964896828013,0.49888787517647026,7.179215739241591
36,111,1.0,63,1,2694.131031721905,1681.0,41,41,168,43,26,19,12,12,39,11,19,7,28,32,13.5,258.2325359582901,False,12,7,28,26,728,484.5,0.018543956043956044,0.02786377708978328,25.74557876586914,18.130647659301758,15.050874710083008,2.072964896828013,0.5032807433985147,7.2050566324747285
37,112,1.0,63,1,2694.131031721905,1681.0,41,41,168,4,27,19,12,12,39,11,19,7,28,32,14.0,259.64674949645996,False,12,7,28,26,728,488.5,0.019230769230769232,0.028659160696008188,26.003759384155273,17.800752639770508,15.15773868560791,2.111004122822376,0.5067670790379604,7.222600120321988
38,113,1.0,63,1,2694.131031721905,1681.0,41,41,168,25,27,19,12,12,39,11,19,7,28,32,14.0,262.4751765727997,False,12,7,28,26,728,489.0,0.019230769230769232,0.028629856850715747,26.003759384155273,17.800752639770508,15.15773868560791,2.111004122822376,0.5094490089003023,7.2390821054654575
39,114,1.0,63,1,2694.131031721905,1681.0,41,41,168,100,27,20,12,12,39,11,19,7,28,32,16.0,262.4751765727997,False,12,7,28,26,728,489.0,0.02197802197802198,0.032719836400818,26.003759384155273,17.800752639770508,15.15773868560791,2.256758334191025,0.5068364826062445,7.251600560613232
40,115,1.0,63,1,2694.131031721905,1681.0,41,41,168,218,27,20,12,12,39,17,19,7,28,32,16.0,265.3036036491394,False,12,7,28,26,728,500.5,0.02197802197802198,0.03196803196803197,26.003759384155273,17.800752639770508,15.15773868560791,2.256758334191025,0.5044039649444085,7.264137662707925
41,116,1.0,63,1,2960.62732147915,1849.0,43,43,176,10,28,21,13,13,41,13,20,8,29,33,16.0,268.1320307254791,False,13,8,29,26,754,504.0,0.021220159151193633,0.031746031746031744,27.003759384155273,18.800752639770508,15.15773868560791,2.256758334191025,0.5070211382751373,7.280237317672593
42,117,1.0,63,1,2960.62732147915,1849.0,43,43,176,296,28,21,13,13,41,13,20,8,29,33,16.0,270.96045780181885,False,13,8,29,26,754,512.5,0.021220159151193633,0.03121951219512195,27.003759384155273,18.800752639770508,15.15773868560791,2.256758334191025,0.5047389550281278,7.292709349283302
43,118,1.0,63,1,2960.62732147915,1849.0,43,43,176,42,28,21,13,13,41,13,20,8,29,33,16.5,272.3746713399887,False,13,8,29,26,754,520.0,0.021883289124668436,0.03173076923076923,27.039325714111328,19.280899047851562,15.380359649658203,2.2917489221187703,0.5064930021393331,7.300894902468928
44,119,1.0,63,1,2960.62732147915,1849.0,43,43,176,9,28,21,13,13,41,19,20,8,29,33,16.5,275.20309841632843,False,13,8,29,26,754,531.0,0.021883289124668436,0.031073446327683617,27.039325714111328,19.280899047851562,15.380359649658203,2.2917489221187703,0.5090485084801128,7.316629819018804
45,120,1.0,63,1,2960.62732147915,1849.0,43,43,176,80,28,21,12,13,41,19,20,8,29,33,16.5,277.20309841632843,False,12,8,30,26,780,540.0,0.021153846153846155,0.030555555555555555,26.514440536499023,19.202165603637695,15.784137725830078,2.2917489221187703,0.5107731988087668,7.324678373885854
46,121,1.0,63,1,2960.62732147915,1849.0,43,43,176,830,28,21,12,13,41,19,20,8,29,33,16.5,280.03152549266815,False,12,8,30,26,780,540.5,0.021153846153846155,0.030527289546716005,26.514440536499023,19.202165603637695,15.784137725830078,2.2917489221187703,0.514039063050514,7.341128896794692
47,122,1.0,63,1,2960.62732147915,1849.0,43,43,176,107,28,21,12,13,41,19,20,8,29,33,17.0,281.445739030838,False,12,8,30,26,780,541.0,0.021794871794871794,0.031423290203327174,26.514440536499023,19.202165603637695,15.784137725830078,2.326213245840639,0.5157353630916983,7.349044963653552
48,123,1.0,63,1,2960.62732147915,1849.0,43,43,176,40,28,21,12,13,41,19,20,8,29,34,17.0,283.445739030838,False,12,8,30,27,810,549.0,0.020987654320987655,0.030965391621129327,26.514440536499023,19.202165603637695,15.784137725830078,2.326213245840639,0.5178547178076677,7.36782490909082
49,124,1.0,63,1,2960.62732147915,1849.0,43,43,176,693,28,21,12,13,41,19,20,8,28,34,17.5,284.8599525690079,False,12,8,30,27,810,551.0,0.021604938271604937,0.03176043557168784,26.514440536499023,19.202165603637695,15.784137725830078,2.360174359706574,0.5195235471001869,7.3756127791225765
50,125,1.0,63,1,2960.62732147915,1849.0,43,43,176,146,28,21,12,13,41,19,20,8,28,34,17.5,286.8599525690079,False,12,8,30,27,810,553.0,0.021604938271604937,0.03164556962025317,26.514440536499023,19.202165603637695,15.784137725830078,2.360174359706574,0.5226962864309417,7.39159902944833
51,126,1.0,63,1,2960.62732147915,1849.0,43,43,176,165,28,21,12,13,41,19,20,8,28,34,17.5,289.6883796453476,False,12,8,30,27,810,558.5,0.021604938271604937,0.03133393017009848,26.514440536499023,19.202165603637695,15.784137725830078,2.360174359706574,0.5266378535893784,7.414894088125571
52,127,1.0,63,1,2960.62732147915,1849.0,43,43,176,227,28,21,12,13,41,19,20,8,28,34,17.5,292.5168067216873,False,12,8,30,27,810,564.5,0.021604938271604937,0.03100088573959256,26.514440536499023,19.202165603637695,15.784137725830078,2.360174359706574,0.5290522693831882,7.429825460019629
53,128,1.0,63,1,2960.62732147915,1849.0,43,43,176,90,28,21,12,13,41,19,20,8,28,34,17.5,295.34523379802704,False,12,8,30,27,810,580.5,0.021604938271604937,0.030146425495262703,26.514440536499023,19.202165603637695,15.784137725830078,2.360174359706574,0.532149713395608,7.445432064839709
54,129,1.0,63,1,2960.62732147915,1849.0,43,43,176,424,28,21,11,12,41,19,20,8,28,34,17.5,298.17366087436676,False,11,8,31,27,837,588.5,0.02090800477897252,0.029736618521665252,25.78125,19.0625,16.381925582885742,2.360174359706574,0.5352170510296963,7.4608845413560525
55,130,1.0,63,1,3239.689975065032,2025.0,45,45,184,14,29,22,12,13,43,21,21,9,29,35,17.5,301.0020879507065,False,12,9,32,27,864,599.5,0.02025462962962963,0.029190992493744787,26.78125,20.0625,16.381925582885742,2.360174359706574,0.5235596718078076,7.455662302437759
56,131,1.0,63,1,3239.689975065032,2025.0,45,45,184,671,29,22,12,13,43,21,21,9,29,35,17.5,303.8305150270462,False,12,9,32,27,864,604.5,0.02025462962962963,0.028949545078577336,26.78125,20.0625,16.381925582885742,2.360174359706574,0.5209467329821544,7.456511148046296
57,132,1.0,63,1,3239.689975065032,2025.0,45,45,184,193,29,23,12,13,43,21,21,9,29,35,18.0,305.24472856521606,False,12,9,32,27,864,607.0,0.020833333333333332,0.029654036243822075,26.778261184692383,20.15217399597168,16.418094635009766,2.393653682408596,0.5151122485425376,7.456296496872198
58,133,1.0,63,1,3239.689975065032,2025.0,45,45,184,48,29,23,12,13,43,21,20,8,29,35,18.0,308.0731556415558,False,12,8,32,28,896,613.5,0.020089285714285716,0.029339853300733496,26.778261184692383,20.15217399597168,16.418094635009766,2.393653682408596,0.5096622334143592,7.456805108070902
59,134,1.0,63,1,3239.689975065032,2025.0,45,45,184,231,30,22,12,13,43,21,20,8,29,35,20.0,308.0731556415558,False,12,8,32,28,896,617.5,0.022321428571428572,0.032388663967611336,26.778261184692383,20.15217399597168,16.418094635009766,2.5231325220201604,0.5119356296112182,7.470818969270526
60,135,1.0,63,1,3239.689975065032,2025.0,45,45,184,152,30,22,12,13,43,21,20,8,29,35,20.0,310.9015827178955,False,12,8,32,28,896,628.5,0.022321428571428572,0.031821797931583136,26.801483154296875,21.242998123168945,16.94208526611328,2.5231325220201604,0.5057670539417779,7.4742365578565275
61,136,1.0,63,1,3239.689975065032,2025.0,45,45,184,423,30,22,12,13,43,21,20,8,29,35,20.0,313.73000979423523,False,12,8,32,28,896,635.0,0.022321428571428572,0.031496062992125984,26.741682052612305,21.237302780151367,16.989137649536133,2.5231325220201604,0.5043018030062312,7.491501277633136
62,137,1.0,63,1,3239.689975065032,2025.0,45,45,184,386,30,22,12,13,43,21,20,8,29,35,20.0,315.73000979423523,False,12,8,32,28,896,635.5,0.022321428571428572,0.03147128245476003,26.741682052612305,21.237302780151367,16.989137649536133,2.5231325220201604,0.5068776020989164,7.514770532788627
63,138,1.0,63,1,3239.689975065032,2025.0,45,45,184,252,30,22,12,13,43,21,20,8,29,35,20.0,318.55843687057495,False,12,8,32,28,896,642.0,0.022321428571428572,0.03115264797507788,26.0,21.0,17.691905975341797,2.5231325220201604,0.508376512644294,7.521765448667054
64,139,1.0,63,1,3239.689975065032,2025.0,45,45,184,95,30,22,12,13,43,21,20,8,29,35,20.0,321.3868639469147,False,12,8,32,28,896,655.5,0.022321428571428572,0.03051106025934401,26.5,21.5,18.398468017578125,2.5231325220201604,0.509864600636485,7.52870985929728
65,140,1.0,63,1,3239.689975065032,2025.0,45,45,184,343,30,22,12,13,43,21,14,8,29,35,20.0,324.2152910232544,False,12,8,32,28,896,658.5,0.022321428571428572,0.030372057706909643,26.5,21.5,18.398468017578125,2.5231325220201604,0.5049614567898787,7.529690471015444
66,141,1.0,63,1,3239.689975065032,2025.0,45,45,184,500,30,22,12,13,43,21,14,8,29,35,20.0,327.0437180995941,False,12,8,32,28,896,663.5,0.022321428571428572,0.03014318010550113,26.5,21.5,18.398468017578125,2.5231325220201604,0.5028692808372924,7.539970557188279
67,142,1.0,63,1,3239.689975065032,2025.0,45,45,184,561,31,21,12,13,43,21,14,8,29,35,20.5,327.62950456142426,False,12,8,32,28,896,663.5,0.022879464285714284,0.03089675960813866,26.5,21.5,18.398468017578125,2.5544769849751456,0.5056483939012425,7.553968420858019
68,143,1.0,63,1,3239.689975065032,2025.0,45,45,184,15,31,21,12,13,43,21,13,7,29,35,20.5,330.457931637764,False,12,7,32,29,928,670.0,0.02209051724137931,0.030597014925373135,26.5,20.5,19.091981887817383,2.5544769849751456,0.5070947106546291,7.56071789904049
69,144,1.0,63,1,3239.689975065032,2025.0,45,45,184,304,31,21,12,13,43,21,13,7,29,35,20.5,333.2863587141037,False,12,7,32,29,928,673.0,0.02209051724137931,0.030460624071322436,26.5,20.5,19.091981887817383,2.5544769849751456,0.5095621592880109,7.583011678936728
70,145,1.0,63,1,3239.689975065032,2025.0,45,45,184,43,31,21,12,13,43,21,13,7,29,35,20.5,335.2863587141037,False,12,7,32,29,928,680.5,0.02209051724137931,0.030124908155767818,26.5,20.5,19.091981887817383,2.5544769849751456,0.5109884576555277,7.589667737985142
71,146,1.0,63,1,3239.689975065032,2025.0,45,45,184,124,31,21,12,13,43,21,13,7,29,35,20.5,338.1147857904434,False,12,7,32,29,928,680.5,0.02209051724137931,0.030124908155767818,26.5,20.5,19.091981887817383,2.5544769849751456,0.5127735017642042,7.6054893655234554
72,147,1.0,63,1,3531.3193942736,2209.0,47,47,192,5,32,22,13,14,45,23,14,8,30,36,20.5,340.94321286678314,False,13,8,33,29,957,691.5,0.021421107628004178,0.02964569775849602,27.5,21.5,19.091981887817383,2.5544769849751456,0.5141803283293964,7.612054556161018
73,148,1.0,63,1,3531.3193942736,2209.0,47,47,192,273,32,22,13,14,45,23,14,8,30,36,20.5,343.77163994312286,False,13,8,33,29,957,695.0,0.021421107628004178,0.029496402877697843,27.5,21.5,19.091981887817383,2.5544769849751456,0.5094352454620265,7.612846516748217
74,149,1.0,63,1,3531.3193942736,2209.0,47,47,192,501,32,22,13,8,45,23,13,8,30,36,20.5,345.77163994312286,False,13,8,33,29,957,698.0,0.021421107628004178,0.029369627507163324,27.0,21.5,19.448749542236328,2.5544769849751456,0.5120914391748917,7.626228554203464
75,150,1.0,63,1,3531.3193942736,2209.0,47,47,192,408,32,22,13,8,45,23,13,8,30,36,20.5,348.6000670194626,False,13,8,33,29,957,698.0,0.021421107628004178,0.029369627507163324,27.0,21.5,19.448749542236328,2.5544769849751456,0.5153746178766602,7.645555850076018
76,151,1.0,63,1,3531.3193942736,2209.0,47,47,192,110,32,23,13,8,45,23,13,8,30,36,21.0,350.01428055763245,False,13,8,33,29,957,698.0,0.0219435736677116,0.03008595988538682,27.0,21.5,19.448749542236328,2.5854414729132054,0.5179868736832702,7.658713015153206
77,152,1.0,63,1,3531.3193942736,2209.0,47,47,192,1260,32,23,13,8,45,23,13,8,30,36,21.0,352.84270763397217,False,13,8,33,29,957,698.0,0.0219435736677116,0.03008595988538682,27.0,21.5,19.448749542236328,2.5854414729132054,0.5125325817607828,7.66169008073679
78,153,1.0,63,1,3531.3193942736,2209.0,47,47,192,804,32,23,13,8,45,23,21,7,30,36,21.0,354.84270763397217,False,13,7,33,30,990,707.0,0.021212121212121213,0.0297029702970297,27.0,21.5,19.448749542236328,2.5854414729132054,0.5142159054260347,7.676698560913404
79,154,1.0,63,1,3531.3193942736,2209.0,47,47,192,69,32,23,13,8,45,23,21,7,30,36,21.0,356.84270763397217,False,13,7,33,30,990,715.0,0.021212121212121213,0.02937062937062937,27.0,21.5,19.448749542236328,2.5854414729132054,0.515897202471832,7.691557689283277
80,155,1.0,63,1,3531.3193942736,2209.0,47,47,192,192,32,23,12,7,45,23,12,7,30,36,21.0,359.6711347103119,False,12,7,34,30,1020,722.5,0.020588235294117647,0.02906574394463668,26.5,21.0,20.155742645263672,2.5854414729132054,0.5182053698634393,7.71214472603078
81,156,1.0,63,1,3531.3193942736,2209.0,47,47,192,28,32,23,12,7,45,23,12,7,30,36,21.0,362.4995617866516,False,12,7,34,30,1020,722.5,0.020588235294117647,0.02906574394463668,26.5,21.0,20.155742645263672,2.5854414729132054,0.521333985223852,7.730557993827616
82,157,1.0,63,1,3531.3193942736,2209.0,47,47,192,60,32,23,12,7,45,23,12,7,30,36,21.0,364.4995617866516,False,12,7,34,30,1020,722.5,0.020588235294117647,0.02906574394463668,26.5,21.0,20.155742645263672,2.5854414729132054,0.5226509180851923,7.7367036805138705
83,158,1.0,63,1,3531.3193942736,2209.0,47,47,192,178,32,23,12,7,45,23,12,7,30,36,21.0,367.32798886299133,False,12,7,34,30,1020,722.5,0.020588235294117647,0.02906574394463668,26.5,21.0,20.155742645263672,2.5854414729132054,0.5251316268600105,7.7491919839228265
84,159,1.0,63,1,3531.3193942736,2209.0,47,47,192,27,32,23,12,7,45,23,12,7,30,36,21.0,369.32798886299133,False,12,7,34,30,1020,733.5,0.020588235294117647,0.028629856850715747,26.5,21.0,20.155742645263672,2.5854414729132054,0.5270426178979759,7.760959762205674
85,160,1.0,63,1,3531.3193942736,2209.0,47,47,192,7,32,23,12,7,45,23,12,7,30,36,21.0,372.15641593933105,False,12,7,34,30,1020,739.5,0.020588235294117647,0.028397565922920892,26.5,21.0,20.155742645263672,2.5854414729132054,0.5289365411420583,7.772606286081771
86,161,1.0,63,1,3531.3193942736,2209.0,47,47,192,59,32,23,12,7,45,23,12,7,30,36,21.0,374.9848430156708,False,12,7,34,30,1020,743.0,0.020588235294117647,0.02826379542395693,26.5,21.0,20.155742645263672,2.5854414729132054,0.5305490315989324,7.786863612801616
87,162,1.0,63,1,3531.3193942736,2209.0,47,47,192,67,32,23,11,8,45,23,12,7,30,36,21.0,377.8132700920105,False,11,7,35,30,1050,746.5,0.02,0.02813127930341594,26.0,21.5,20.18053436279297,2.5854414729132054,0.5283540504807853,7.795067330902693
88,163,1.0,63,1,3531.3193942736,2209.0,47,47,192,63,32,23,11,8,45,23,12,7,30,36,21.0,380.6416971683502,False,11,7,35,30,1050,752.5,0.02,0.027906976744186046,26.0,21.5,20.18053436279297,2.5854414729132054,0.5296223578159938,7.800986098466999
89,164,1.0,63,1,3531.3193942736,2209.0,47,47,192,83,32,23,11,8,45,23,12,7,30,36,21.0,383.47012424468994,False,11,7,35,30,1050,753.5,0.02,0.027869940278699403,26.0,21.5,20.18053436279297,2.5854414729132054,0.532022635523862,7.813073849277946
90,165,1.0,63,1,3531.3193942736,2209.0,47,47,192,66,31,22,11,7,45,23,11,7,30,36,21.5,384.0559107065201,False,11,7,35,30,1050,754.0,0.020476190476190478,0.028514588859416445,26.0,21.0,20.518383026123047,2.6160394784772456,0.5336044309013557,7.826936795523355
91,166,1.0,63,1,3531.3193942736,2209.0,47,47,192,287,31,22,11,7,45,23,11,7,30,36,21.5,386.0559107065201,False,11,7,35,30,1050,754.0,0.020476190476190478,0.028514588859416445,26.0,21.0,20.518383026123047,2.6160394784772456,0.5359688464436952,7.838841144909301
92,167,1.0,63,1,3531.3193942736,2209.0,47,47,192,29,31,22,11,7,45,23,11,7,30,36,21.5,388.8843377828598,False,11,7,35,30,1050,761.5,0.020476190476190478,0.028233749179251477,26.0,21.0,20.518383026123047,2.6160394784772456,0.5338389770339904,7.846745497833439
93,168,1.0,63,1,3531.3193942736,2209.0,47,47,192,294,31,22,11,7,45,23,11,7,30,36,21.5,390.8843377828598,False,11,7,35,30,1050,770.5,0.020476190476190478,0.027903958468526932,26.0,21.0,20.518383026123047,2.6160394784772456,0.5361686276795998,7.858472136870119
94,169,1.0,63,1,3531.3193942736,2209.0,47,47,192,16,31,22,11,7,45,23,11,7,30,36,21.5,393.7127648591995,False,11,7,35,30,1050,776.0,0.020476190476190478,0.027706185567010308,26.072538375854492,20.922279357910156,20.518659591674805,2.6160394784772456,0.5384812911871927,7.87011197002219
95,170,1.0,63,1,3531.3193942736,2209.0,47,47,192,1057,31,22,11,7,45,23,11,7,30,36,21.5,396.54119193553925,False,11,7,35,30,1050,780.5,0.020476190476190478,0.02754644458680333,26.071428298950195,20.928571701049805,20.522113800048828,2.6160394784772456,0.5400067358162282,7.883464123596384
96,171,1.0,63,1,3531.3193942736,2209.0,47,47,192,129,31,22,11,7,45,23,11,7,30,36,21.5,398.54119193553925,False,11,7,35,30,1050,780.5,0.020476190476190478,0.02754644458680333,26.071428298950195,20.928571701049805,20.522113800048828,2.6160394784772456,0.5418086344993074,7.894640792139658
97,172,1.0,63,1,3531.3193942736,2209.0,47,47,192,3,34,20,11,7,45,23,11,7,30,36,27.0,394.29855132102966,False,11,7,35,30,1050,782.0,0.025714285714285714,0.034526854219948847,26.071428298950195,20.928571701049805,20.522113800048828,2.9316150714175193,0.5430103830444788,7.900248952017124
98,173,1.0,63,1,3835.5143737227045,2401.0,49,49,200,6,35,21,12,8,47,13,12,8,31,37,27.0,397.1269783973694,False,12,8,36,30,1080,790.0,0.025,0.03417721518987342,28.0,21.0,20.61562728881836,2.9316150714175193,0.5383651601962438,7.8996216619769175
99,174,1.0,63,1,3835.5143737227045,2401.0,49,49,200,437,34,21,12,7,47,13,12,7,31,37,27.5,398.54119193553925,False,12,7,36,31,1116,795.0,0.0246415770609319,0.03459119496855346,27.630136489868164,20.907533645629883,20.921875,2.9586351363515986,0.536544980079494,7.904969919209003
100,175,1.0,63,1,3835.5143737227045,2401.0,49,49,200,340,34,21,12,7,47,13,12,7,31,37,28.0,399.9554054737091,False,12,7,36,31,1116,795.0,0.025089605734767026,0.03522012578616352,27.630136489868164,20.907533645629883,20.921875,2.985410660720923,0.5387875301733656,7.91626073461079
101,176,1.0,63,1,3835.5143737227045,2401.0,49,49,200,418,34,21,12,7,47,13,12,7,31,37,28.5,401.36961901187897,False,12,7,36,31,1116,799.5,0.025537634408602152,0.03564727954971857,27.630136489868164,20.907533645629883,20.921875,3.0119481662601757,0.5399618882883607,7.92174107248077
102,177,1.0,63,1,3835.5143737227045,2401.0,49,49,200,151,32,20,12,7,47,13,12,7,31,37,31.0,399.9554054737091,False,12,7,36,31,1116,799.5,0.027777777777777776,0.03877423389618512,27.630136489868164,20.907533645629883,20.921875,3.141274657157109,0.5411295927806036,7.9271903601112355
103,178,1.0,63,1,3835.5143737227045,2401.0,49,49,200,231,32,20,12,7,47,13,12,7,31,37,31.0,402.7838325500488,False,12,7,36,31,1116,799.5,0.027777777777777776,0.03877423389618512,27.630136489868164,20.907533645629883,20.921875,3.141274657157109,0.5396717581045122,7.939991266071263
104,179,1.0,63,1,3835.5143737227045,2401.0,49,49,200,23,32,20,12,7,47,13,12,7,31,37,31.0,405.61225962638855,False,12,7,36,31,1116,799.5,0.027777777777777776,0.03877423389618512,27.630136489868164,20.907533645629883,20.921875,3.141274657157109,0.5418699259138717,7.951061030111347
105,180,1.0,63,1,3835.5143737227045,2401.0,49,49,200,187,32,20,12,7,47,13,12,7,42,38,31.0,408.44068670272827,False,12,7,36,32,1152,810.0,0.026909722222222224,0.03827160493827161,27.428176879882812,22.085636138916016,21.57798194885254,3.141274657157109,0.5401907919000463,7.956383142729789
106,181,1.0,63,1,3835.5143737227045,2401.0,49,49,200,357,32,20,12,6,47,13,12,6,42,38,31.0,410.44068670272827,False,12,6,36,33,1188,819.0,0.026094276094276093,0.03785103785103785,27.0,22.0,21.931812286376953,3.141274657157109,0.5423674333477427,7.967345658305745
107,182,1.0,63,1,3835.5143737227045,2401.0,49,49,200,122,32,20,12,6,47,13,12,6,42,38,31.0,413.269113779068,False,12,6,36,33,1188,819.0,0.026094276094276093,0.03785103785103785,27.0,22.0,21.931812286376953,3.141274657157109,0.5445291959356202,7.9782320598269125
108,183,1.0,63,1,3835.5143737227045,2401.0,49,49,200,110,33,19,12,6,47,13,12,6,42,38,33.5,411.85490024089813,False,12,6,36,33,1188,819.0,0.0281986531986532,0.040903540903540904,27.0,22.0,21.931812286376953,3.2654833007009834,0.5433785058741255,7.983913552309724
109,184,1.0,63,1,3835.5143737227045,2401.0,49,49,200,169,33,19,12,6,47,13,12,6,42,38,33.5,414.68332731723785,False,12,6,36,33,1188,821.0,0.0281986531986532,0.04080389768574909,27.0,22.0,21.931812286376953,3.2654833007009834,0.5356200183156966,7.977943077339371
110,185,1.0,63,1,3835.5143737227045,2401.0,49,49,200,19,33,19,12,6,47,13,12,6,42,38,34.0,416.0975408554077,False,12,6,36,33,1188,821.0,0.02861952861952862,0.04141291108404385,27.0,22.0,21.931812286376953,3.2897623212397704,0.5367370903813112,7.9831560803122406
111,186,1.0,63,1,3835.5143737227045,2401.0,49,49,200,178,33,19,12,6,47,13,12,6,42,38,34.0,418.92596793174744,False,12,6,36,33,1188,821.0,0.02861952861952862,0.04141291108404385,27.0,22.0,21.931812286376953,3.2897623212397704,0.538849438041354,7.993792489728948
112,187,1.0,63,1,3835.5143737227045,2401.0,49,49,200,626,33,19,12,6,47,13,12,6,42,38,34.0,420.92596793174744,False,12,6,36,33,1188,821.0,0.02861952861952862,0.04141291108404385,27.0,22.0,21.931812286376953,3.2897623212397704,0.5405004970940895,8.004045275034741
113,188,1.0,63,1,3835.5143737227045,2401.0,49,49,200,165,33,19,12,6,47,13,12,6,42,38,34.0,423.75439500808716,False,12,6,36,33,1188,827.5,0.02861952861952862,0.04108761329305136,27.0,22.0,21.931812286376953,3.2897623212397704,0.5415996959212326,8.009174869561408
114,189,1.0,63,1,3835.5143737227045,2401.0,49,49,200,274,33,19,12,6,47,13,12,6,42,38,34.0,426.5828220844269,False,12,6,36,33,1188,830.0,0.02861952861952862,0.04096385542168675,27.0,22.0,21.931812286376953,3.2897623212397704,0.5395622740538562,8.009407134453681
115,190,1.0,63,1,3835.5143737227045,2401.0,49,49,200,5,33,19,12,6,47,21,12,6,42,38,34.0,429.4112491607666,False,12,6,36,33,1188,835.0,0.02861952861952862,0.0407185628742515,27.0,22.0,21.931812286376953,3.2897623212397704,0.5351948702887593,8.008616185628735
116,191,1.0,63,1,3835.5143737227045,2401.0,49,49,200,180,33,19,12,6,47,21,12,6,42,38,34.0,432.2396762371063,False,12,6,36,33,1188,835.0,0.02861952861952862,0.0407185628742515,27.0,22.0,21.931812286376953,3.2897623212397704,0.5368086353370832,8.018629179609894
117,192,1.0,63,1,3835.5143737227045,2401.0,49,49,200,106,33,19,12,6,47,21,12,6,42,38,34.0,435.06810331344604,False,12,6,36,33,1188,856.0,0.02861952861952862,0.0397196261682243,27.0,22.0,21.931812286376953,3.2897623212397704,0.5318946361036733,8.019881642984526
118,193,1.0,63,1,3835.5143737227045,2401.0,49,49,200,633,33,19,11,10,47,21,12,6,42,38,34.0,437.89653038978577,False,11,6,37,33,1221,860.0,0.027846027846027847,0.03953488372093023,27.0,22.0,21.931812286376953,3.2897623212397704,0.5329652841818053,8.024878000682474
119,194,1.0,63,1,3835.5143737227045,2401.0,49,49,200,113,33,19,11,10,47,21,12,6,31,38,35.0,438.7249574661255,False,11,6,37,33,1221,868.5,0.028665028665028666,0.04029936672423719,27.0,22.0,21.931812286376953,3.3377905890622728,0.5314954168136148,8.029937975120477
120,195,1.0,63,1,3835.5143737227045,2401.0,49,49,200,448,32,19,11,7,47,21,12,6,31,38,36.0,439.5533845424652,False,11,6,37,33,1221,870.0,0.029484029484029485,0.041379310344827586,27.0,22.0,21.931812286376953,3.385137501286538,0.5325550556082551,8.034882956162136
121,196,1.0,63,1,3835.5143737227045,2401.0,49,49,200,15,32,19,11,7,47,21,12,6,31,38,36.0,442.38181161880493,False,11,6,37,33,1221,870.0,0.029484029484029485,0.041379310344827586,27.0,22.0,21.931812286376953,3.385137501286538,0.5350988798837407,8.049904041398849
122,197,1.0,63,1,3835.5143737227045,2401.0,49,49,200,113,32,19,11,7,47,21,12,6,31,38,36.0,445.21023869514465,False,11,6,37,33,1221,870.0,0.029484029484029485,0.041379310344827586,27.0,22.0,21.931812286376953,3.385137501286538,0.5363880434346611,8.061781510606428
123,198,1.0,63,1,3835.5143737227045,2401.0,49,49,200,344,32,19,11,7,47,21,12,6,31,38,36.0,447.21023869514465,False,11,6,37,33,1221,870.0,0.029484029484029485,0.041379310344827586,27.0,22.0,21.931812286376953,3.385137501286538,0.5374315863808378,8.066651377688586
124,199,1.0,63,1,3835.5143737227045,2401.0,49,49,200,245,32,19,11,7,47,21,12,6,31,38,36.5,448.6244522333145,False,11,6,37,33,1221,870.0,0.029893529893529894,0.04195402298850575,27.0,22.0,21.931812286376953,3.4085643379153576,0.5389756436395132,8.076217245126866
125,200,1.0,63,1,3835.5143737227045,2401.0,49,49,200,21,33,20,11,7,47,21,12,6,31,38,38.5,448.6244522333145,False,11,6,37,33,1221,876.0,0.03153153153153153,0.043949771689497714,27.0,22.0,21.931812286376953,3.500704303147574,0.5379911681521734,8.08164228805701
126,201,1.0,63,1,3835.5143737227045,2401.0,49,49,200,22,33,20,11,5,47,21,11,5,31,38,38.5,451.45287930965424,False,11,5,37,34,1258,891.5,0.030604133545310015,0.04318564217610768,26.5,21.5,22.638561248779297,3.500704303147574,0.5390190969242022,8.086439288993146
127,202,1.0,63,1,3835.5143737227045,2401.0,49,49,200,668,33,20,11,5,47,21,11,5,31,38,38.5,453.45287930965424,False,11,5,37,34,1258,898.5,0.030604133545310015,0.04284919309961046,26.5,21.5,22.638561248779297,3.500704303147574,0.5405415650554362,8.095875797169418
128,203,1.0,63,1,3835.5143737227045,2401.0,49,49,200,216,33,20,10,4,47,21,10,4,31,38,38.5,456.28130638599396,False,10,4,38,35,1330,915.5,0.02894736842105263,0.042053522665210265,26.0,21.0,23.345335006713867,3.500704303147574,0.5357476338378905,8.096836646915735
129,204,1.0,63,1,3835.5143737227045,2401.0,49,49,200,292,32,20,10,4,47,21,10,4,31,38,39.0,457.6955199241638,False,10,4,38,35,1330,915.5,0.029323308270676692,0.042599672310213,26.0,21.0,23.345335006713867,3.523362819972964,0.5343384521670476,8.101589556079217
130,205,1.0,63,1,3835.5143737227045,2401.0,49,49,200,701,32,20,10,4,47,21,10,4,31,38,39.0,459.6955199241638,False,10,4,38,35,1330,915.5,0.029323308270676692,0.042599672310213,26.0,21.0,23.345335006713867,3.523362819972964,0.5367759713602234,8.115951500689892
131,206,1.0,63,1,3835.5143737227045,2401.0,49,49,200,75,32,20,10,4,47,21,10,4,31,38,39.0,461.6955199241638,False,10,4,38,35,1330,915.5,0.029323308270676692,0.042599672310213,26.0,21.0,23.345335006713867,3.523362819972964,0.5380146410064406,8.127395777740492
132,207,1.0,63,1,4152.276554485044,2601.0,51,51,208,66,34,20,11,5,49,15,11,5,32,39,41.0,461.6955199241638,False,11,5,39,35,1365,920.0,0.030036630036630037,0.04456521739130435,27.0,22.0,23.345335006713867,3.6125759969217834,0.5361698284285821,8.12763114942654
133,208,1.0,63,1,4152.276554485044,2601.0,51,51,208,165,34,20,11,5,49,15,11,5,32,39,41.5,462.28130638599396,False,11,5,39,35,1365,920.0,0.030402930402930402,0.045108695652173916,27.0,22.0,23.345335006713867,3.634537147509613,0.5371630799488339,8.132266323187714
134,209,1.0,63,1,4152.276554485044,2601.0,51,51,208,153,34,20,10,4,49,15,10,4,32,39,41.5,465.1097334623337,False,10,4,40,36,1440,937.5,0.028819444444444446,0.04426666666666667,26.5,21.5,24.052125930786133,3.634537147509613,0.5381515676545182,8.136879265814242
135,210,1.0,63,1,4481.605132972541,2809.0,53,53,216,143,35,21,11,5,51,17,11,5,33,40,41.5,467.9381605386734,False,11,5,41,36,1476,946.0,0.028116531165311653,0.04386892177589852,27.569721221923828,22.434263229370117,24.052316665649414,3.634537147509613,0.5393758342290246,8.14816790682079
136,211,1.0,63,1,4481.605132972541,2809.0,53,53,216,148,35,21,11,5,51,17,11,5,33,40,41.5,470.7665876150131,False,11,5,41,36,1476,949.5,0.028116531165311653,0.04370721432332807,27.569721221923828,22.434263229370117,24.052316665649414,3.634537147509613,0.5385022395718226,8.15345730946892
137,212,1.0,63,1,4481.605132972541,2809.0,53,53,216,101,35,21,10,6,51,17,11,5,33,40,41.5,473.59501469135284,False,10,5,42,36,1512,962.5,0.027447089947089946,0.043116883116883116,27.566667556762695,22.433332443237305,24.055082321166992,3.634537147509613,0.5397147769176768,8.164600259246646
138,213,1.0,63,1,4481.605132972541,2809.0,53,53,216,139,35,21,10,6,51,17,11,5,33,40,41.5,476.42344176769257,False,10,5,42,36,1512,962.5,0.027447089947089946,0.043116883116883116,27.566667556762695,22.433332443237305,24.055082321166992,3.634537147509613,0.5415972786580112,8.174095083648176
139,214,1.0,63,1,4481.605132972541,2809.0,53,53,216,356,35,21,10,6,51,17,11,5,33,40,41.5,478.42344176769257,False,10,5,42,36,1512,982.0,0.027447089947089946,0.04226069246435845,27.566667556762695,22.433332443237305,24.055082321166992,3.634537147509613,0.5425626166830554,8.178599994431716
140,215,1.0,63,1,4481.605132972541,2809.0,53,53,216,268,35,21,10,6,51,17,11,5,33,40,41.5,481.2518688440323,False,10,5,42,36,1512,987.0,0.027447089947089946,0.04204660587639311,28.441177368164062,21.558822631835938,24.127965927124023,3.634537147509613,0.5437591329187162,8.189580147543612
141,216,1.0,63,1,4481.605132972541,2809.0,53,53,216,241,35,21,10,6,51,17,11,5,33,40,41.5,484.080295920372,False,10,5,42,36,1512,987.0,0.027447089947089946,0.04204660587639311,28.441177368164062,21.558822631835938,24.127965927124023,3.634537147509613,0.5449553263818578,8.200478597915387
142,217,1.0,63,1,4481.605132972541,2809.0,53,53,216,113,35,21,10,6,51,17,11,5,33,40,41.5,486.080295920372,False,10,5,42,36,1512,987.0,0.027447089947089946,0.04204660587639311,28.441177368164062,21.558822631835938,24.127965927124023,3.634537147509613,0.5472766761072202,8.214229836516319
143,218,1.0,63,1,4481.605132972541,2809.0,53,53,216,31,35,21,10,4,51,17,10,4,33,40,41.5,488.90872299671173,False,10,4,42,37,1554,1003.0,0.026705276705276705,0.041375872382851446,27.676923751831055,21.36068344116211,24.77643585205078,3.634537147509613,0.5463928108256373,8.21925029074432
144,219,1.0,63,1,4481.605132972541,2809.0,53,53,216,574,35,21,9,3,51,17,9,3,33,40,41.5,491.73715007305145,False,9,3,43,38,1634,1019.0,0.02539779681762546,0.04072620215897939,26.868770599365234,21.15116310119629,25.470821380615234,3.634537147509613,0.5451476996841488,8.223912027288016
145,220,1.0,63,1,4481.605132972541,2809.0,53,53,216,231,35,21,9,3,51,17,10,2,33,40,41.5,494.5655771493912,False,9,2,43,39,1677,1042.0,0.024746571258199165,0.03982725527831094,27.0,21.0,25.495197296142578,3.634537147509613,0.5467834143072337,8.238947508169899
146,221,1.0,63,1,4481.605132972541,2809.0,53,53,216,107,35,21,9,3,51,17,10,2,33,40,41.5,497.3940042257309,False,9,2,43,39,1677,1042.0,0.024746571258199165,0.03982725527831094,27.0,21.0,25.495197296142578,3.634537147509613,0.5477181065739148,8.24330940541441
147,222,1.0,63,1,4481.605132972541,2809.0,53,53,216,53,35,21,9,3,51,17,10,2,33,40,41.5,500.2224313020706,False,9,2,43,39,1677,1046.0,0.024746571258199165,0.039674952198852774,27.0,21.0,25.495197296142578,3.634537147509613,0.5462799658868299,8.249851002365704
148,223,1.0,63,1,4481.605132972541,2809.0,53,53,216,12,35,21,8,3,51,17,10,2,33,40,41.5,502.2224313020706,False,8,2,44,39,1716,1061.0,0.024184149184149184,0.039114043355325166,26.46588134765625,21.046709060668945,25.820100784301758,3.634537147509613,0.5480740464488906,8.258898326140233
149,224,1.0,63,1,4481.605132972541,2809.0,53,53,216,351,35,21,8,3,51,17,10,2,33,40,41.5,505.05085837841034,False,8,2,44,39,1716,1061.0,0.024184149184149184,0.039114043355325166,26.46588134765625,21.046709060668945,25.820100784301758,3.634537147509613,0.5503184970215054,8.272191961838466
150,225,1.0,63,1,4481.605132972541,2809.0,53,53,216,297,35,21,8,3,51,17,10,2,33,40,41.5,507.87928545475006,False,8,2,44,39,1716,1067.0,0.024184149184149184,0.03889409559512652,26.46588134765625,21.046709060668945,25.820100784301758,3.634537147509613,0.5512365354728535,8.276476141278092
151,226,1.0,63,1,4481.605132972541,2809.0,53,53,216,149,35,21,8,3,51,17,10,2,33,40,41.5,510.7077125310898,False,8,2,44,39,1716,1069.5,0.024184149184149184,0.03880317905563347,26.46588134765625,21.046709060668945,25.820100784301758,3.634537147509613,0.5471197374381493,8.274853601989669
152,227,1.0,63,1,4481.605132972541,2809.0,53,53,216,51,35,21,8,3,51,17,10,2,33,40,41.5,512.7077125310898,False,8,2,44,39,1716,1069.5,0.024184149184149184,0.03880317905563347,26.46588134765625,21.046709060668945,25.820100784301758,3.634537147509613,0.5488795668945468,8.283727170710527
153,228,1.0,63,1,4481.605132972541,2809.0,53,53,216,9,36,22,8,3,51,23,10,2,33,40,43.5,512.7077125310898,False,8,2,44,39,1716,1075.0,0.025349650349650348,0.04046511627906977,26.46588134765625,21.046709060668945,25.820100784301758,3.721085869607808,0.5500002722062083,8.294018909161371
154,229,1.0,63,1,4481.605132972541,2809.0,53,53,216,47,36,22,7,2,51,23,7,2,33,40,43.5,515.5361396074295,False,7,2,45,39,1755,1086.0,0.024786324786324785,0.04005524861878453,25.753334045410156,20.753334045410156,26.521316528320312,3.721085869607808,0.5517406131216019,8.302792568152714
155,230,1.0,63,1,4481.605132972541,2809.0,53,53,216,157,36,22,7,2,51,23,7,2,43,41,45.5,515.5361396074295,False,7,2,45,40,1800,1091.5,0.025277777777777777,0.04168575355016033,25.649999618530273,20.899999618530273,26.552547454833984,3.805666803775979,0.5534713782283676,8.311517148973168
156,231,1.0,63,1,4481.605132972541,2809.0,53,53,216,461,36,22,7,2,51,23,7,2,43,41,45.5,518.3645666837692,False,7,2,45,40,1800,1098.5,0.025277777777777777,0.04142011834319527,25.649999618530273,20.899999618530273,26.552547454833984,3.805666803775979,0.5543655197243218,8.315689809287619
157,232,1.0,63,1,4481.605132972541,2809.0,53,53,216,45,36,22,7,2,51,23,7,2,43,41,45.5,521.192993760109,False,7,2,45,40,1800,1106.5,0.025277777777777777,0.041120650700406686,26.0,21.5,27.22600555419922,3.805666803775979,0.5535331839665106,8.320381545325162
158,233,1.0,63,1,4481.605132972541,2809.0,53,53,216,42,36,22,7,2,51,23,7,2,43,41,45.5,524.0214208364487,False,7,2,45,40,1800,1115.5,0.025277777777777777,0.04078888390856118,26.0,21.5,27.22600555419922,3.805666803775979,0.5527430370277269,8.325105621708657
159,234,1.0,63,1,4823.499170011033,3025.0,55,55,224,167,37,23,8,3,53,23,8,3,44,42,45.5,526.8498479127884,False,8,3,46,40,1840,1123.0,0.024728260869565217,0.040516473731077474,27.0,22.5,27.22600555419922,3.805666803775979,0.5542725639351591,8.339319588552215
160,235,1.0,63,1,4823.499170011033,3025.0,55,55,224,132,37,23,8,3,53,23,8,3,31,42,45.5,529.6782749891281,False,8,3,46,40,1840,1138.0,0.024728260869565217,0.03998242530755712,27.0,22.5,27.22600555419922,3.805666803775979,0.5496446130052791,8.339063724291988
161,236,1.0,63,1,4823.499170011033,3025.0,55,55,224,612,37,23,8,3,53,23,8,3,31,42,45.5,532.5067020654678,False,8,3,46,40,1840,1138.0,0.024728260869565217,0.03998242530755712,27.0,22.5,27.22600555419922,3.805666803775979,0.5517662315355814,8.351648529376163
162,237,1.0,63,1,4823.499170011033,3025.0,55,55,224,36,37,23,8,3,53,23,8,3,46,43,45.5,534.5067020654678,False,8,3,46,41,1886,1148.0,0.024125132555673383,0.039634146341463415,27.0,23.0,27.586328506469727,3.805666803775979,0.5526376886122124,8.355715329067108
163,238,1.0,63,1,4823.499170011033,3025.0,55,55,224,28,37,23,8,3,53,23,8,3,46,43,46.0,535.9209156036377,False,8,3,46,41,1886,1148.0,0.024390243902439025,0.04006968641114982,27.0,23.0,27.586328506469727,3.826519928662906,0.5539416694322618,8.363836140447779
164,239,1.0,63,1,4823.499170011033,3025.0,55,55,224,338,37,23,8,3,53,23,8,3,46,43,46.0,538.7493426799774,False,8,3,46,41,1886,1151.0,0.024390243902439025,0.03996524761077324,27.0,23.0,27.586328506469727,3.826519928662906,0.5560378325606112,8.376255011670727
165,240,1.0,63,1,4823.499170011033,3025.0,55,55,224,360,37,23,8,3,53,23,8,3,46,43,46.0,541.5777697563171,False,8,3,46,41,1886,1151.0,0.024390243902439025,0.03996524761077324,27.0,23.0,27.586328506469727,3.826519928662906,0.5576936148149797,8.384600516430316
166,241,1.0,63,1,4823.499170011033,3025.0,55,55,224,105,37,23,8,3,53,23,8,3,46,43,46.0,543.5777697563171,False,8,3,46,41,1886,1151.0,0.024390243902439025,0.03996524761077324,27.0,23.0,27.586328506469727,3.826519928662906,0.5589777303742138,8.392586434568871
167,242,1.0,63,1,4823.499170011033,3025.0,55,55,224,110,37,23,8,3,53,23,8,3,46,43,46.0,546.4061968326569,False,8,3,46,41,1886,1151.0,0.024390243902439025,0.03996524761077324,27.0,23.0,27.586328506469727,3.826519928662906,0.5544680047524536,8.392280932263468
168,243,1.0,63,1,4823.499170011033,3025.0,55,55,224,31,37,23,8,3,53,23,8,3,47,44,46.0,549.2346239089966,False,8,3,46,42,1932,1167.0,0.023809523809523808,0.03941730934018852,27.5,23.5,28.2932071685791,3.826519928662906,0.5501224225474036,8.392264158919994
169,244,1.0,63,1,4823.499170011033,3025.0,55,55,224,120,37,23,8,3,53,23,8,3,47,44,46.5,550.6488374471664,False,8,3,46,42,1932,1180.0,0.02406832298136646,0.03940677966101695,27.5,23.5,28.2932071685791,3.847260025985541,0.5509688273984189,8.396214048224731
170,245,1.0,63,1,4823.499170011033,3025.0,55,55,224,298,37,23,8,3,53,23,8,3,47,44,46.5,553.4772645235062,False,8,3,46,42,1932,1180.0,0.02406832298136646,0.03940677966101695,27.5,23.5,28.2932071685791,3.847260025985541,0.552591959641853,8.404395479167908
171,246,1.0,63,1,4823.499170011033,3025.0,55,55,224,385,37,23,8,3,53,23,8,3,47,44,46.5,555.4772645235062,False,8,3,46,42,1932,1200.5,0.02406832298136646,0.038733860891295296,27.5,23.5,28.2932071685791,3.847260025985541,0.5536220781542138,8.41389852871107
172,247,1.0,63,1,4823.499170011033,3025.0,55,55,224,9,37,23,8,3,53,23,8,3,47,44,46.5,558.3056915998459,False,8,3,46,42,1932,1206.0,0.02406832298136646,0.03855721393034826,27.5,23.5,28.2932071685791,3.847260025985541,0.5499960132876677,8.41268554223723
173,248,1.0,63,1,4823.499170011033,3025.0,55,55,224,48,37,23,7,6,53,23,8,3,47,44,46.5,561.1341186761856,False,7,3,47,42,1974,1228.5,0.023556231003039513,0.03785103785103785,27.5,23.5,28.2932071685791,3.847260025985541,0.5434829842504372,8.409279720356642
174,249,1.0,63,1,4823.499170011033,3025.0,55,55,224,154,37,23,7,6,53,23,8,3,47,44,46.5,563.9625457525253,False,7,3,47,42,1974,1246.0,0.023556231003039513,0.037319422150882825,27.5,23.5,28.2932071685791,3.847260025985541,0.5419111265332162,8.409414884654836
175,250,1.0,63,1,4823.499170011033,3025.0,55,55,224,265,37,23,7,6,53,23,8,3,47,44,46.5,566.790972828865,False,7,3,47,42,1974,1247.0,0.023556231003039513,0.037289494787489975,27.5,23.5,28.2932071685791,3.847260025985541,0.5379821834388748,8.410038354827396
176,251,1.0,63,1,4823.499170011033,3025.0,55,55,224,280,37,23,7,6,53,23,8,3,47,44,47.5,567.6193999052048,False,7,3,47,42,1974,1247.0,0.024062816616008106,0.03809141940657578,27.5,23.5,28.2932071685791,3.888408362521876,0.5390004431776043,8.419304251650386
177,252,1.0,63,1,4823.499170011033,3025.0,55,55,224,127,37,23,7,6,53,23,8,3,47,45,47.5,569.6193999052048,False,7,3,47,43,2021,1258.5,0.023503216229589313,0.03774334525228447,27.5,24.0,28.65755844116211,3.888408362521876,0.5398199245417679,8.423128498016485
178,253,1.0,63,1,4823.499170011033,3025.0,55,55,224,194,37,23,7,6,53,23,8,3,47,45,47.5,572.4478269815445,False,7,3,47,43,2021,1258.5,0.023503216229589313,0.03774334525228447,27.5,24.0,28.65755844116211,3.888408362521876,0.5365720585400909,8.422608454020441
179,254,1.0,63,1,4823.499170011033,3025.0,55,55,224,15,37,23,7,6,53,23,8,3,47,45,47.5,575.2762540578842,False,7,3,47,43,2021,1260.0,0.023503216229589313,0.037698412698412696,27.5,24.0,28.65755844116211,3.888408362521876,0.5377833371500096,8.430119646327777
180,255,1.0,63,1,4823.499170011033,3025.0,55,55,224,3,37,23,7,2,53,23,7,2,47,45,47.5,578.1046811342239,False,7,2,47,44,2068,1266.0,0.022969052224371372,0.03751974723538705,27.0,23.5,29.364192962646484,3.888408362521876,0.5391815050470061,8.442939415897227
181,256,1.0,63,1,4823.499170011033,3025.0,55,55,224,360,37,23,7,2,53,23,7,2,47,45,47.5,580.9331082105637,False,7,2,47,44,2068,1266.0,0.022969052224371372,0.03751974723538705,27.0,23.5,29.364192962646484,3.888408362521876,0.5411215717894116,8.454394043023203
182,257,1.0,63,1,4823.499170011033,3025.0,55,55,224,77,37,23,7,2,53,23,8,1,47,45,47.5,583.7615352869034,False,7,1,47,45,2115,1291.0,0.022458628841607566,0.03679318357862122,27.5,23.0,29.39822769165039,3.888408362521876,0.5379612609342075,8.453900975207864
183,258,1.0,63,1,5177.9605100523,3249.0,57,57,232,28,38,24,8,3,55,23,9,2,48,46,48.0,585.1757488250732,False,8,2,48,45,2160,1304.0,0.022222222222222223,0.03680981595092025,28.5,24.0,29.39822769165039,3.9088200952233594,0.5394955344101252,8.46163171899571
184,259,1.0,63,1,5177.9605100523,3249.0,57,57,232,46,38,24,8,3,55,25,9,2,48,46,48.0,588.004175901413,False,8,2,48,45,2160,1311.0,0.022222222222222223,0.036613272311212815,28.5,24.0,29.39822769165039,3.9088200952233594,0.5410223818639268,8.46932444043715
185,260,1.0,63,1,5177.9605100523,3249.0,57,57,232,25,38,24,8,3,55,25,9,2,48,46,48.0,590.8326029777527,False,8,2,48,45,2160,1314.5,0.022222222222222223,0.036515785469760365,28.5,24.0,29.39822769165039,3.9088200952233594,0.5396404198850716,8.474589350754474
186,261,1.0,63,1,5177.9605100523,3249.0,57,57,232,20,38,24,8,3,55,25,9,2,48,46,48.5,592.2468165159225,False,8,2,48,45,2160,1315.0,0.022453703703703705,0.03688212927756654,28.5,24.0,29.39822769165039,3.9291257907979795,0.5411526380895214,8.482207185029656
187,262,1.0,63,1,5544.987240851569,3481.0,59,59,240,13,39,25,9,4,57,24,10,3,49,47,49.0,593.6610300540924,False,9,3,49,45,2205,1321.5,0.022222222222222223,0.037079076806659096,29.5,25.0,29.39822769165039,3.949327084834294,0.5419407816563174,8.485885188341369
188,263,1.0,63,1,5544.987240851569,3481.0,59,59,240,62,39,25,8,7,57,24,10,3,49,47,49.0,596.4894571304321,False,8,3,50,45,2250,1330.0,0.021777777777777778,0.03684210526315789,29.5,25.0,29.39822769165039,3.949327084834294,0.5434427918728356,8.493452134214097
189,264,1.0,63,1,5544.987240851569,3481.0,59,59,240,457,39,25,8,7,57,24,10,2,49,47,49.0,598.4894571304321,False,8,2,50,46,2300,1352.5,0.021304347826086957,0.03622920517560074,29.5,24.5,29.774248123168945,3.949327084834294,0.5419134920879768,8.49350661457816
190,265,1.0,63,1,5544.987240851569,3481.0,59,59,240,14,39,25,8,7,57,27,10,2,49,47,49.0,601.3178842067719,False,8,2,50,46,2300,1363.0,0.021304347826086957,0.0359501100513573,29.5,24.5,29.774248123168945,3.949327084834294,0.5426926963868488,8.497142901306232
191,266,1.0,63,1,5544.987240851569,3481.0,59,59,240,43,39,25,8,7,57,27,10,2,49,47,49.0,604.1463112831116,False,8,2,50,46,2300,1394.0,0.021304347826086957,0.0351506456241033,29.5,24.5,29.774248123168945,3.949327084834294,0.5436428737479301,8.505903218989006
192,267,1.0,63,1,5544.987240851569,3481.0,59,59,240,85,39,25,8,7,57,27,10,2,49,47,49.0,606.9747383594513,False,8,2,50,46,2300,1412.0,0.021304347826086957,0.034702549575070823,29.5,24.5,29.774248123168945,3.949327084834294,0.5400099616243369,8.506601813933148
193,268,1.0,63,1,5544.987240851569,3481.0,59,59,240,779,39,25,7,6,57,27,10,2,49,47,49.0,609.803165435791,False,7,2,51,46,2346,1422.5,0.020886615515771527,0.03444639718804921,29.5,24.5,29.774248123168945,3.949327084834294,0.5392159953438341,8.510503928107452
194,269,1.0,63,1,5544.987240851569,3481.0,59,59,240,132,39,25,7,6,57,27,10,2,49,47,49.0,612.6315925121307,False,7,2,51,46,2346,1438.5,0.020886615515771527,0.0340632603406326,29.5,24.5,29.774248123168945,3.949327084834294,0.5384560533219066,8.514434516376957
195,270,1.0,63,1,5544.987240851569,3481.0,59,59,240,2,39,25,7,6,57,27,10,2,49,47,49.0,614.6315925121307,False,7,2,51,46,2346,1442.5,0.020886615515771527,0.03396880415944541,29.5,24.5,29.774248123168945,3.949327084834294,0.5402973858286118,8.525342169815602
196,271,1.0,63,1,5544.987240851569,3481.0,59,59,240,270,39,25,7,6,57,27,10,2,49,47,49.0,616.6315925121307,False,7,2,51,46,2346,1442.5,0.020886615515771527,0.03396880415944541,29.5,24.5,29.774248123168945,3.949327084834294,0.5410593064433324,8.528897799350965
197,272,1.0,63,1,5544.987240851569,3481.0,59,59,240,42,39,25,7,6,57,27,10,2,49,47,49.0,619.4600195884705,False,7,2,51,46,2346,1444.0,0.020886615515771527,0.03393351800554017,29.5,24.5,29.774248123168945,3.949327084834294,0.5423625320950112,8.540950766507992
198,273,1.0,63,1,5544.987240851569,3481.0,59,59,240,141,39,25,7,6,57,27,10,2,49,47,49.0,622.2884466648102,False,7,2,51,46,2346,1444.0,0.020886615515771527,0.03393351800554017,29.5,24.5,29.774248123168945,3.949327084834294,0.5414735888189437,8.549517833438049
199,274,1.0,63,1,5544.987240851569,3481.0,59,59,240,43,39,25,7,6,57,27,10,2,49,47,49.0,625.1168737411499,False,7,2,51,46,2346,1444.0,0.020886615515771527,0.03393351800554017,29.5,24.5,29.774248123168945,3.949327084834294,0.5432819356238426,8.560214845338814
200,275,1.0,63,1,5544.987240851569,3481.0,59,59,240,396,39,25,6,5,57,27,10,2,49,47,49.0,627.9453008174896,False,6,2,52,46,2392,1448.5,0.02048494983277592,0.03382809803244736,27.76954460144043,25.724037170410156,30.056692123413086,3.949327084834294,0.5450804763941713,8.570847824522392
201,276,1.0,63,1,5544.987240851569,3481.0,59,59,240,14,39,25,6,5,57,27,10,1,49,47,49.0,629.9453008174896,False,6,1,52,47,2444,1473.0,0.020049099836333878,0.03326544467073999,29.229412078857422,24.229412078857422,30.15595817565918,3.949327084834294,0.5459941029110142,8.579222809739468
202,277,1.0,63,1,5544.987240851569,3481.0,59,59,240,457,39,25,6,5,57,27,10,1,49,47,49.0,632.7737278938293,False,6,1,52,47,2444,1473.5,0.020049099836333878,0.0332541567695962,29.229412078857422,24.229412078857422,30.15595817565918,3.949327084834294,0.5477765586659737,8.58975988468075
203,278,1.0,63,1,5544.987240851569,3481.0,59,59,240,260,39,25,6,5,57,27,10,1,49,47,49.0,635.6021549701691,False,6,1,52,47,2444,1473.5,0.020049099836333878,0.0332541567695962,29.229412078857422,24.229412078857422,30.15595817565918,3.949327084834294,0.5485192596194473,8.59322582246363
204,279,1.0,63,1,5544.987240851569,3481.0,59,59,240,8,39,25,6,5,57,27,10,1,49,47,49.0,638.4305820465088,False,6,1,52,47,2444,1473.5,0.020049099836333878,0.0332541567695962,29.229412078857422,24.229412078857422,30.15595817565918,3.949327084834294,0.5454399192214262,8.592372649781879
205,280,1.0,63,1,5544.987240851569,3481.0,59,59,240,88,39,25,6,5,57,27,10,1,49,47,49.0,641.2590091228485,False,6,1,52,47,2444,1476.5,0.020049099836333878,0.03318658990856756,29.229412078857422,24.229412078857422,30.15595817565918,3.949327084834294,0.5472008198367763,8.602774135250721
206,281,1.0,63,1,5544.987240851569,3481.0,59,59,240,66,39,25,5,5,57,27,10,1,49,47,49.0,643.2590091228485,False,5,1,53,47,2491,1485.0,0.019670814933761542,0.032996632996632996,27.336383819580078,25.64759635925293,30.41781234741211,3.949327084834294,0.5480928615792086,8.610993106980736
207,282,1.0,63,1,5544.987240851569,3481.0,59,59,240,4,37,23,5,5,57,27,10,1,49,47,52.0,641.2590091228485,False,5,1,53,47,2491,1485.0,0.020875150541951024,0.035016835016835016,27.336383819580078,25.64759635925293,30.41781234741211,4.068428945128219,0.5488250090331896,8.614409795099315
208,283,1.0,63,1,5544.987240851569,3481.0,59,59,240,343,36,23,5,5,57,27,10,1,49,47,54.0,641.2590091228485,False,5,1,53,47,2491,1485.0,0.021678040947410677,0.03636363636363636,27.336383819580078,25.64759635925293,30.41781234741211,4.145929793656026,0.5495545648093461,8.617814388721376
209,284,1.0,63,1,5924.581342446607,3721.0,61,61,248,15,37,24,6,6,58,28,11,1,50,48,54.0,643.2590091228485,False,6,1,53,48,2544,1507.0,0.02122641509433962,0.035832780358327807,29.953489303588867,24.953489303588867,30.545217514038086,4.145929793656026,0.5506353678899117,8.624509299691463
210,285,1.0,63,1,5924.581342446607,3721.0,61,61,248,264,37,24,6,6,58,28,11,1,50,48,54.0,646.0874361991882,False,6,1,53,48,2544,1507.0,0.02122641509433962,0.035832780358327807,29.953489303588867,24.953489303588867,30.545217514038086,4.145929793656026,0.5520193142644013,8.631480675558416
211,286,1.0,63,1,5924.581342446607,3721.0,61,61,248,106,37,24,6,6,58,28,11,1,50,48,54.0,648.915863275528,False,6,1,53,48,2544,1507.0,0.02122641509433962,0.035832780358327807,29.953489303588867,24.953489303588867,30.545217514038086,4.145929793656026,0.5510977375907682,8.639515746824005
212,287,1.0,63,1,5924.581342446607,3721.0,61,61,248,8,37,24,6,6,59,25,11,1,50,48,54.0,650.915863275528,False,6,1,54,48,2592,1514.5,0.020833333333333332,0.03565533179267085,29.953489303588867,24.953489303588867,30.545217514038086,4.145929793656026,0.5523238582859219,8.650824082487892
213,288,1.0,63,1,5924.581342446607,3721.0,61,61,248,87,37,24,6,6,59,25,11,1,51,49,54.0,653.7442903518677,False,6,1,54,49,2646,1535.0,0.02040816326530612,0.03517915309446254,30.454545974731445,25.454545974731445,31.24916648864746,4.145929793656026,0.5510881541969445,8.655553595187246
214,289,1.0,63,1,5924.581342446607,3721.0,61,61,248,4,37,24,6,6,59,28,11,1,51,49,54.5,655.1585038900375,False,6,1,54,49,2646,1543.0,0.020597127739984882,0.03532080362929359,30.454545974731445,25.454545974731445,31.24916648864746,4.165079686754695,0.5523111095422071,8.666747439663787
215,290,1.0,63,1,5924.581342446607,3721.0,61,61,248,88,37,24,6,6,59,28,11,1,51,49,54.5,657.9869309663773,False,6,1,54,49,2646,1556.0,0.020597127739984882,0.035025706940874035,30.454545974731445,25.454545974731445,31.24916648864746,4.165079686754695,0.5487928303437938,8.666816160937524
216,291,1.0,63,1,5924.581342446607,3721.0,61,61,248,446,37,24,6,6,59,28,11,1,51,49,54.5,659.9869309663773,False,6,1,54,49,2646,1556.0,0.020597127739984882,0.035025706940874035,30.454545974731445,25.454545974731445,31.24916648864746,4.165079686754695,0.5496702748133742,8.674705580014548
217,292,1.0,63,1,5924.581342446607,3721.0,61,61,248,68,37,24,6,5,59,28,11,1,51,49,55.0,661.4011445045471,False,6,1,54,49,2646,1558.5,0.020786092214663644,0.03529034327879371,28.5,27.0,31.468338012695312,4.1841419359420025,0.5503773056664787,8.678005057329035
218,293,1.0,63,1,5924.581342446607,3721.0,61,61,248,212,36,23,6,5,59,28,11,1,51,49,57.0,661.4011445045471,False,6,1,54,49,2646,1565.5,0.021541950113378686,0.03641009262216544,28.5,27.0,31.468338012695312,4.259537945889915,0.551421179323606,8.684459681100737
219,294,1.0,63,1,5924.581342446607,3721.0,61,61,248,176,36,23,6,5,59,28,11,1,51,49,57.0,663.4011445045471,False,6,1,54,49,2646,1577.5,0.021541950113378686,0.03613312202852615,28.5,27.0,31.468338012695312,4.259537945889915,0.5502150483432889,8.689051942761688
220,295,1.0,63,1,5924.581342446607,3721.0,61,61,248,445,36,23,6,5,59,28,11,1,51,49,57.0,666.2295715808868,False,6,1,54,49,2646,1577.5,0.021541950113378686,0.03613312202852615,28.5,27.0,31.468338012695312,4.259537945889915,0.5488708703776052,8.689138243442997
221,296,1.0,63,1,5924.581342446607,3721.0,61,61,248,21,36,23,6,5,59,28,11,1,51,49,57.0,669.0579986572266,False,6,1,54,49,2646,1577.5,0.021541950113378686,0.03613312202852615,28.5,27.0,31.468338012695312,4.259537945889915,0.54544515071894,8.689244901733892
222,297,1.0,63,1,5924.581342446607,3721.0,61,61,248,192,36,23,6,5,59,28,11,1,51,49,57.0,671.8864257335663,False,6,1,54,49,2646,1577.5,0.021541950113378686,0.03613312202852615,28.5,27.0,31.468338012695312,4.259537945889915,0.5467695707727287,8.695914993674318
223,298,1.0,63,1,5924.581342446607,3721.0,61,61,248,18,37,23,6,5,59,28,11,1,51,49,59.0,671.8864257335663,False,6,1,54,49,2646,1581.5,0.022297808012093728,0.03730635472652545,28.5,27.0,31.468338012695312,4.3336224206596095,0.5480884679206337,8.702556833739424
224,299,1.0,63,1,5924.581342446607,3721.0,61,61,248,215,37,23,6,5,59,28,11,1,51,49,59.0,674.714852809906,False,6,1,54,49,2646,1588.0,0.022297808012093728,0.0371536523929471,29.0,26.5,31.484222412109375,4.3336224206596095,0.5494018899226862,8.709170669779938
225,300,1.0,63,1,5924.581342446607,3721.0,61,61,248,167,37,23,6,5,59,28,11,1,51,49,59.5,676.1290663480759,False,6,1,54,49,2646,1588.0,0.022486772486772486,0.03746851385390428,29.0,26.5,31.484222412109375,4.351946487255507,0.5465138126539149,8.708302274389878
226,301,1.0,63,1,5924.581342446607,3721.0,61,61,248,266,37,23,6,5,59,28,11,1,51,49,59.5,678.9574934244156,False,6,1,54,49,2646,1594.5,0.022486772486772486,0.03731577296958294,29.5,26.0,31.515968322753906,4.351946487255507,0.543715096416882,8.707608660487569
227,302,1.0,63,1,5924.581342446607,3721.0,61,61,248,136,37,23,5,7,59,28,11,1,51,49,59.5,681.7859205007553,False,5,1,55,49,2695,1601.0,0.02207792207792208,0.03716427232979388,29.5,26.0,31.515968322753906,4.351946487255507,0.5445569005219231,8.715202707856426
228,303,1.0,63,1,5924.581342446607,3721.0,61,61,248,168,37,23,5,7,59,28,11,1,51,49,59.5,683.7859205007553,False,5,1,55,49,2695,1601.0,0.02207792207792208,0.03716427232979388,29.5,26.0,31.515968322753906,4.351946487255507,0.5435558988392161,8.718319844601899
229,304,1.0,63,1,6316.741841766801,3969.0,63,63,248,8,38,24,6,8,61,25,12,2,52,50,59.5,686.614347577095,False,6,2,56,49,2744,1608.5,0.021683673469387755,0.036990985390115014,30.5,27.0,31.515968322753906,4.351946487255507,0.5448456403578814,8.724813600651231
230,305,1.0,63,1,6316.741841766801,3969.0,63,63,248,359,37,24,6,8,61,25,11,2,52,50,60.0,688.0285611152649,False,6,2,56,49,2744,1610.5,0.021865889212827987,0.03725551071095933,31.230337142944336,26.230337142944336,31.565519332885742,4.370193722368317,0.5460055065523448,8.735373036152444
231,306,1.0,63,1,6316.741841766801,3969.0,63,63,248,6,37,24,6,8,61,25,11,2,52,50,60.0,690.8569881916046,False,6,2,56,49,2744,1610.5,0.021865889212827987,0.03725551071095933,31.230337142944336,26.230337142944336,31.565519332885742,4.370193722368317,0.5466801365869738,8.73852130964738
232,307,1.0,63,1,6316.741841766801,3969.0,63,63,248,147,37,24,6,8,61,25,11,2,52,50,60.0,692.8569881916046,False,6,2,56,49,2744,1621.0,0.021865889212827987,0.03701418877236274,31.46666717529297,26.46666717529297,31.898408889770508,4.370193722368317,0.5453739701312167,8.738581496350657
233,308,1.0,63,1,6316.741841766801,3969.0,63,63,248,21,37,23,6,8,61,25,11,1,52,50,60.5,694.2712017297745,False,6,1,56,50,2800,1639.5,0.021607142857142856,0.03690149435803599,33.0,24.5,32.19093704223633,4.38836508441576,0.546648905823373,8.745001513416318
234,309,1.0,63,1,6316.741841766801,3969.0,63,63,248,47,37,23,6,8,61,25,11,1,52,50,60.5,697.0996288061142,False,6,1,56,50,2800,1639.5,0.021607142857142856,0.03690149435803599,33.0,24.5,32.19093704223633,4.38836508441576,0.5459712912399571,8.748366027605583
235,310,1.0,63,1,6316.741841766801,3969.0,63,63,248,25,37,23,6,8,62,24,11,1,52,50,60.5,699.9280558824539,False,6,1,57,50,2850,1653.5,0.021228070175438596,0.03658905352283036,33.0,24.5,32.19093704223633,4.38836508441576,0.5472360391770327,8.754733946666343
