,00_parameters/log_dir,00_parameters/N,00_parameters/k,00_parameters/max_ls,00_parameters/pad_size,01_bounding_box_data/bounding_circle,01_bounding_box_data/bounding_square,01_bounding_box_data/bounding_square_height,01_bounding_box_data/bounding_square_width,02_simulation_data/num_diff_locus_points,02_simulation_data/num_brownian_motion_steps,03_cv_data/cv_centroid_x,03_cv_data/cv_centroid_y,03_cv_data/cv_leftmost_x,03_cv_data/cv_leftmost_y,03_cv_data/cv_rightmost_x,03_cv_data/cv_rightmost_y,03_cv_data/cv_topmost_x,03_cv_data/cv_topmost_y,03_cv_data/cv_bottommost_x,03_cv_data/cv_bottommost_y,03_cv_data/cv_contour_area,03_cv_data/cv_contour_perimeter,03_cv_data/cv_contour_k,03_cv_data/cv_boundingRect_x,03_cv_data/cv_boundingRect_y,03_cv_data/cv_boundingRect_w,03_cv_data/cv_boundingRect_h,03_cv_data/cv_boundingRect_area,03_cv_data/cv_hull_area,03_cv_data/cv_extent,03_cv_data/cv_solidity,03_cv_data/cv_minEnclosingCircle_center_x,03_cv_data/cv_minEnclosingCircle_center_y,03_cv_data/cv_minEnclosingCircle_r,03_cv_data/cv_equi_radius,04_fractal_dimension/polyfit_coeff0,04_fractal_dimension/polyfit_coeff1
0,/home/sourabh/prj/DLA/runs/part02_stickiness_of_particles/19_05_09_13_00_49_GMADDA_k1.0_ls11_pad1,1,1.0,11,1,3.141592653589793,1.0,1,1,8,1,-1,-1,0,0,0,0,0,0,0,0,0.0,0.0,False,0,0,1,1,1,0.0,0.0,-1,0.0,0.0,9.999999747378752e-05,0.0,-1.0,-1.0
1,/home/sourabh/prj/DLA/runs/part02_stickiness_of_particles/19_05_09_13_00_49_GMADDA_k1.0_ls11_pad1,2,1.0,11,1,18.310543469948435,9.0,3,3,16,0,-1,-1,1,1,2,1,1,1,1,1,0.0,2.0,False,1,1,2,1,2,0.0,0.0,-1,1.5,1.0,0.5001000165939331,0.0,-3.9720546451956367e-16,0.9999999999999993
2,/home/sourabh/prj/DLA/runs/part02_stickiness_of_particles/19_05_09_13_00_49_GMADDA_k1.0_ls11_pad1,2,1.0,11,1,18.310543469948435,9.0,3,3,16,0,-1,-1,1,1,2,1,1,1,1,1,0.0,2.0,False,1,1,2,1,2,0.0,0.0,-1,1.5,1.0,0.5001000165939331,0.0,-3.9720546451956367e-16,0.9999999999999993
3,/home/sourabh/prj/DLA/runs/part02_stickiness_of_particles/19_05_09_13_00_49_GMADDA_k1.0_ls11_pad1,3,1.0,11,1,46.04586447053771,25.0,5,5,24,0,-1,-1,2,2,4,3,2,2,4,3,0.0,4.828427076339722,False,2,2,3,2,6,0.5,0.0,0.0,3.0,2.5,1.1181340217590332,0.0,0.7924812503605783,2.6416041678685938
4,/home/sourabh/prj/DLA/runs/part02_stickiness_of_particles/19_05_09_13_00_49_GMADDA_k1.0_ls11_pad1,3,1.0,11,1,46.04586447053771,25.0,5,5,24,0,-1,-1,2,2,4,3,2,2,4,3,0.0,4.828427076339722,False,2,2,3,2,6,0.5,0.0,0.0,3.0,2.5,1.1181340217590332,0.0,0.7924812503605783,2.6416041678685938
5,/home/sourabh/prj/DLA/runs/part02_stickiness_of_particles/19_05_09_13_00_49_GMADDA_k1.0_ls11_pad1,4,1.0,11,1,86.34755172854614,49.0,7,7,32,5,-1,-1,3,3,6,3,3,3,5,4,0.0,7.656854152679443,False,3,3,4,2,8,1.5,0.0,0.0,4.5,3.0,1.500100016593933,0.0,1.0000000000000002,3.333333333333333
6,/home/sourabh/prj/DLA/runs/part02_stickiness_of_particles/19_05_09_13_00_49_GMADDA_k1.0_ls11_pad1,4,1.0,11,1,86.34755172854614,49.0,7,7,32,5,-1,-1,3,3,6,3,3,3,5,4,0.0,7.656854152679443,False,3,3,4,2,8,1.5,0.0,0.0,4.5,3.0,1.500100016593933,0.0,1.0000000000000002,3.333333333333333
7,/home/sourabh/prj/DLA/runs/part02_stickiness_of_particles/19_05_09_13_00_49_GMADDA_k1.0_ls11_pad1,5,1.0,11,1,139.21561702440815,81.0,9,9,40,0,-1,-1,4,4,8,4,4,4,6,5,0.0,9.656854152679443,False,4,4,5,2,10,2.0,0.0,0.0,6.0,4.0,2.0000998973846436,0.0,0.3210896782498621,2.5294468445267855
8,/home/sourabh/prj/DLA/runs/part02_stickiness_of_particles/19_05_09_13_00_49_GMADDA_k1.0_ls11_pad1,5,1.0,11,1,139.21561702440815,81.0,9,9,40,0,-1,-1,4,4,8,4,4,4,6,5,0.0,9.656854152679443,False,4,4,5,2,10,2.0,0.0,0.0,6.0,4.0,2.0000998973846436,0.0,0.3210896782498621,2.5294468445267855
9,/home/sourabh/prj/DLA/runs/part02_stickiness_of_particles/19_05_09_13_00_49_GMADDA_k1.0_ls11_pad1,6,1.0,11,1,204.6500546230325,121.0,11,11,40,52,-1,-1,5,5,10,6,5,5,7,6,0.0,12.485281229019165,False,5,5,6,2,12,3.5,0.0,0.0,7.5,5.5,2.549609661102295,0.0,0.24918530963296745,2.7459265481648374
10,/home/sourabh/prj/DLA/runs/part02_stickiness_of_particles/19_05_09_13_00_49_GMADDA_k1.0_ls11_pad1,6,1.0,11,1,204.6500546230325,121.0,11,11,39,52,-1,-1,5,5,10,6,5,5,7,6,0.0,12.485281229019165,False,5,5,6,2,12,3.5,0.0,0.0,7.5,5.5,2.549609661102295,0.0,0.24918530963296745,2.7459265481648374
11,/home/sourabh/prj/DLA/runs/part02_stickiness_of_particles/19_05_09_13_00_49_GMADDA_k1.0_ls11_pad1,7,1.0,11,1,204.6500546230325,121.0,11,11,39,5,-1,-1,5,5,10,6,5,5,7,7,0.0,14.485281229019165,False,5,5,6,3,18,6.0,0.0,0.0,7.5,5.5,2.549609661102295,0.0,0.2743992861060176,2.968318969501286
12,/home/sourabh/prj/DLA/runs/part02_stickiness_of_particles/19_05_09_13_00_49_GMADDA_k1.0_ls11_pad1,8,1.0,11,1,204.6500546230325,121.0,11,11,39,0,-1,-1,0,6,0,6,0,6,0,6,0.0,0.0,False,0,6,1,1,1,0.0,0.0,-1,0.0,6.0,9.999999747378752e-05,0.0,0.22972501211717078,3.131517202916898
13,/home/sourabh/prj/DLA/runs/part02_stickiness_of_particles/19_05_09_13_00_49_GMADDA_k1.0_ls11_pad1,8,1.0,11,1,204.6500546230325,121.0,11,11,38,0,-1,-1,0,6,0,6,0,6,0,6,0.0,0.0,False,0,6,1,1,1,0.0,0.0,-1,0.0,6.0,9.999999747378752e-05,0.0,0.22972501211717078,3.131517202916898
14,/home/sourabh/prj/DLA/runs/part02_stickiness_of_particles/19_05_09_13_00_49_GMADDA_k1.0_ls11_pad1,9,1.0,11,1,204.6500546230325,121.0,11,11,38,37,5,4,5,5,10,6,6,4,7,7,0.5,15.899494767189026,False,5,4,6,4,24,8.0,0.020833333333333332,0.0625,7.5,5.5,2.549609661102295,0.3989422804014327,0.2807025125498647,3.3014422043592107
15,/home/sourabh/prj/DLA/runs/part02_stickiness_of_particles/19_05_09_13_00_49_GMADDA_k1.0_ls11_pad1,10,1.0,11,1,204.6500546230325,121.0,11,11,38,8,5,4,5,5,10,6,6,4,8,8,0.5,18.727921843528748,False,5,4,6,5,30,10.0,0.016666666666666666,0.05,7.5,5.5,2.549609661102295,0.3989422804014327,0.34854268271702443,3.5646415084724854
16,/home/sourabh/prj/DLA/runs/part02_stickiness_of_particles/19_05_09_13_00_49_GMADDA_k1.0_ls11_pad1,11,1.0,11,1,204.6500546230325,121.0,11,11,38,6,5,4,5,5,10,6,6,3,8,8,0.5,20.727921843528748,False,5,3,6,6,36,12.0,0.013888888888888888,0.041666666666666664,7.357142925262451,5.357142925262451,2.7200188636779785,0.3989422804014327,0.38275480705286485,3.7984675711936173
17,/home/sourabh/prj/DLA/runs/part02_stickiness_of_particles/19_05_09_13_00_49_GMADDA_k1.0_ls11_pad1,12,1.0,11,1,204.6500546230325,121.0,11,11,38,2,5,4,5,5,10,6,6,3,8,8,0.5,23.55634891986847,False,5,3,6,6,36,15.5,0.013888888888888888,0.03225806451612903,7.55555534362793,5.277777671813965,2.7583649158477783,0.3989422804014327,0.35849625007211633,3.8774437510817377
18,/home/sourabh/prj/DLA/runs/part02_stickiness_of_particles/19_05_09_13_00_49_GMADDA_k1.0_ls11_pad1,12,1.0,11,1,204.6500546230325,121.0,11,11,37,2,5,4,5,5,10,6,6,3,8,8,0.5,23.55634891986847,False,5,3,6,6,36,15.5,0.013888888888888888,0.03225806451612903,7.55555534362793,5.277777671813965,2.7583649158477783,0.3989422804014327,0.35849625007211633,3.8774437510817377
19,/home/sourabh/prj/DLA/runs/part02_stickiness_of_particles/19_05_09_13_00_49_GMADDA_k1.0_ls11_pad1,13,1.0,11,1,204.6500546230325,121.0,11,11,37,5,5,4,5,5,10,6,6,3,9,9,0.5,26.38477599620819,False,5,3,6,7,42,17.5,0.011904761904761904,0.02857142857142857,7.5,6.0,3.3542017936706543,0.3989422804014327,0.3931394152980963,3.9929209685016698
20,/home/sourabh/prj/DLA/runs/part02_stickiness_of_particles/19_05_09_13_00_49_GMADDA_k1.0_ls11_pad1,14,1.0,11,1,204.6500546230325,121.0,11,11,37,3,5,4,5,5,10,6,6,3,9,9,0.5,26.38477599620819,False,5,3,6,7,42,17.5,0.011904761904761904,0.02857142857142857,7.5,6.0,3.3542017936706543,0.3989422804014327,0.40297473433940545,4.099836172418185
21,/home/sourabh/prj/DLA/runs/part02_stickiness_of_particles/19_05_09_13_00_49_GMADDA_k1.0_ls11_pad1,15,1.0,11,1,204.6500546230325,121.0,11,11,37,18,6,4,5,5,10,6,6,3,9,9,3.5,24.38477599620819,False,5,3,6,7,42,17.5,0.08333333333333333,0.2,7.5,6.0,3.3542017936706543,1.055502061411188,0.4328354364046799,4.199371845969098
22,/home/sourabh/prj/DLA/runs/part02_stickiness_of_particles/19_05_09_13_00_49_GMADDA_k1.0_ls11_pad1,16,1.0,11,1,204.6500546230325,121.0,11,11,37,6,6,4,5,5,10,6,6,3,9,9,3.5,24.38477599620819,False,5,3,6,7,42,17.5,0.08333333333333333,0.2,7.5,6.0,3.3542017936706543,1.055502061411188,0.3899863328714554,4.25728658641488
23,/home/sourabh/prj/DLA/runs/part02_stickiness_of_particles/19_05_09_13_00_49_GMADDA_k1.0_ls11_pad1,16,1.0,11,1,204.6500546230325,121.0,11,11,36,6,6,4,5,5,10,6,6,3,9,9,3.5,24.38477599620819,False,5,3,6,7,42,17.5,0.08333333333333333,0.2,7.5,6.0,3.3542017936706543,1.055502061411188,0.3899863328714554,4.25728658641488
24,/home/sourabh/prj/DLA/runs/part02_stickiness_of_particles/19_05_09_13_00_49_GMADDA_k1.0_ls11_pad1,17,1.0,11,1,204.6500546230325,121.0,11,11,36,3,6,4,5,5,10,6,6,3,8,10,3.5,27.213203072547913,False,5,3,6,8,48,21.5,0.07291666666666667,0.16279069767441862,7.269230842590332,6.42307710647583,3.6509084701538086,1.055502061411188,0.35518951409460053,4.317178650568988
25,/home/sourabh/prj/DLA/runs/part02_stickiness_of_particles/19_05_09_13_00_49_GMADDA_k1.0_ls11_pad1,17,1.0,11,1,204.6500546230325,121.0,11,11,35,3,6,4,5,5,10,6,6,3,8,10,3.5,27.213203072547913,False,5,3,6,8,48,21.5,0.07291666666666667,0.16279069767441862,7.269230842590332,6.42307710647583,3.6509084701538086,1.055502061411188,0.35518951409460053,4.317178650568988
26,/home/sourabh/prj/DLA/runs/part02_stickiness_of_particles/19_05_09_13_00_49_GMADDA_k1.0_ls11_pad1,18,1.0,11,1,204.6500546230325,121.0,11,11,35,0,6,4,5,5,10,6,6,3,8,10,3.5,27.213203072547913,False,5,3,6,8,48,21.5,0.07291666666666667,0.16279069767441862,7.269230842590332,6.42307710647583,3.6509084701538086,1.055502061411188,0.32630344058337957,4.377443751081735
27,/home/sourabh/prj/DLA/runs/part02_stickiness_of_particles/19_05_09_13_00_49_GMADDA_k1.0_ls11_pad1,18,1.0,11,1,204.6500546230325,121.0,11,11,34,0,6,4,5,5,10,6,6,3,8,10,3.5,27.213203072547913,False,5,3,6,8,48,21.5,0.07291666666666667,0.16279069767441862,7.269230842590332,6.42307710647583,3.6509084701538086,1.055502061411188,0.32630344058337957,4.377443751081735
28,/home/sourabh/prj/DLA/runs/part02_stickiness_of_particles/19_05_09_13_00_49_GMADDA_k1.0_ls11_pad1,19,1.0,11,1,204.6500546230325,121.0,11,11,34,1,6,4,5,5,10,10,6,3,8,10,3.5,30.041630148887634,False,5,3,6,8,48,24.5,0.07291666666666667,0.14285714285714285,8.0,6.5,4.031229019165039,1.055502061411188,0.30190063551724666,4.437183325070452
29,/home/sourabh/prj/DLA/runs/part02_stickiness_of_particles/19_05_09_13_00_49_GMADDA_k1.0_ls11_pad1,19,1.0,11,1,204.6500546230325,121.0,11,11,33,1,6,4,5,5,10,10,6,3,8,10,3.5,30.041630148887634,False,5,3,6,8,48,24.5,0.07291666666666667,0.14285714285714285,8.0,6.5,4.031229019165039,1.055502061411188,0.30190063551724666,4.437183325070452
30,/home/sourabh/prj/DLA/runs/part02_stickiness_of_particles/19_05_09_13_00_49_GMADDA_k1.0_ls11_pad1,20,1.0,11,1,204.6500546230325,121.0,11,11,33,18,6,4,5,5,10,10,7,2,8,10,3.5,32.870057225227356,False,5,2,6,9,54,27.0,0.06481481481481481,0.12962962962962962,8.5,6.0,4.272101879119873,1.055502061411188,0.311547721741994,4.511183906514229
31,/home/sourabh/prj/DLA/runs/part02_stickiness_of_particles/19_05_09_13_00_49_GMADDA_k1.0_ls11_pad1,21,1.0,11,1,204.6500546230325,121.0,11,11,33,2,6,4,5,5,10,10,7,2,8,10,3.5,32.870057225227356,False,5,2,6,9,54,27.0,0.06481481481481481,0.12962962962962962,8.5,6.0,4.272101879119873,1.055502061411188,0.32111679836742,4.581573234405628
32,/home/sourabh/prj/DLA/runs/part02_stickiness_of_particles/19_05_09_13_00_49_GMADDA_k1.0_ls11_pad1,22,1.0,11,1,204.6500546230325,121.0,11,11,33,3,6,4,5,5,10,10,7,2,8,10,3.5,32.870057225227356,False,5,2,6,9,54,27.0,0.06481481481481481,0.12962962962962962,8.5,6.0,4.272101879119873,1.055502061411188,0.31069152039165165,4.633393270347454
33,/home/sourabh/prj/DLA/runs/part02_stickiness_of_particles/19_05_09_13_00_49_GMADDA_k1.0_ls11_pad1,23,1.0,11,1,204.6500546230325,121.0,11,11,33,1,6,4,5,5,10,10,7,2,8,10,3.5,32.870057225227356,False,5,2,6,9,54,27.0,0.06481481481481481,0.12962962962962962,8.5,6.0,4.272101879119873,1.055502061411188,0.29153340395584854,4.684526003500695
34,/home/sourabh/prj/DLA/runs/part02_stickiness_of_particles/19_05_09_13_00_49_GMADDA_k1.0_ls11_pad1,23,1.0,11,1,204.6500546230325,121.0,11,11,32,1,6,4,5,5,10,10,7,2,8,10,3.5,32.870057225227356,False,5,2,6,9,54,27.0,0.06481481481481481,0.12962962962962962,8.5,6.0,4.272101879119873,1.055502061411188,0.29153340395584854,4.684526003500695
35,/home/sourabh/prj/DLA/runs/part02_stickiness_of_particles/19_05_09_13_00_49_GMADDA_k1.0_ls11_pad1,24,1.0,11,1,204.6500546230325,121.0,11,11,32,0,6,4,5,5,10,10,7,2,8,10,3.5,34.870057225227356,False,5,2,6,9,54,28.5,0.06481481481481481,0.12280701754385964,8.5,6.0,4.272101879119873,1.055502061411188,0.30931094043914875,4.792481250360582
36,/home/sourabh/prj/DLA/runs/part02_stickiness_of_particles/19_05_09_13_00_49_GMADDA_k1.0_ls11_pad1,24,1.0,11,1,204.6500546230325,121.0,11,11,31,0,6,4,5,5,10,10,7,2,8,10,3.5,34.870057225227356,False,5,2,6,9,54,28.5,0.06481481481481481,0.12280701754385964,8.5,6.0,4.272101879119873,1.055502061411188,0.30931094043914875,4.792481250360582
37,/home/sourabh/prj/DLA/runs/part02_stickiness_of_particles/19_05_09_13_00_49_GMADDA_k1.0_ls11_pad1,25,1.0,11,1,204.6500546230325,121.0,11,11,31,0,6,4,5,5,10,10,7,2,8,10,3.5,34.870057225227356,False,5,2,6,9,54,28.5,0.06481481481481481,0.12280701754385964,8.5,6.0,4.272101879119873,1.055502061411188,0.33572533128025295,4.895106360039318
38,/home/sourabh/prj/DLA/runs/part02_stickiness_of_particles/19_05_09_13_00_49_GMADDA_k1.0_ls11_pad1,25,1.0,11,1,204.6500546230325,121.0,11,11,30,0,6,4,5,5,10,10,7,2,8,10,3.5,34.870057225227356,False,5,2,6,9,54,28.5,0.06481481481481481,0.12280701754385964,8.5,6.0,4.272101879119873,1.055502061411188,0.33572533128025295,4.895106360039318
39,/home/sourabh/prj/DLA/runs/part02_stickiness_of_particles/19_05_09_13_00_49_GMADDA_k1.0_ls11_pad1,26,1.0,11,1,204.6500546230325,121.0,11,11,30,0,6,4,5,5,10,10,7,2,8,10,3.5,34.870057225227356,False,5,2,6,9,54,28.5,0.06481481481481481,0.12280701754385964,8.5,6.0,4.272101879119873,1.055502061411188,0.3527003897901628,4.951689888405684
40,/home/sourabh/prj/DLA/runs/part02_stickiness_of_particles/19_05_09_13_00_49_GMADDA_k1.0_ls11_pad1,26,1.0,11,1,204.6500546230325,121.0,11,11,29,0,6,4,5,5,10,10,7,2,8,10,3.5,34.870057225227356,False,5,2,6,9,54,28.5,0.06481481481481481,0.12280701754385964,8.5,6.0,4.272101879119873,1.055502061411188,0.3527003897901628,4.951689888405684
41,/home/sourabh/prj/DLA/runs/part02_stickiness_of_particles/19_05_09_13_00_49_GMADDA_k1.0_ls11_pad1,27,1.0,11,1,204.6500546230325,121.0,11,11,29,0,7,5,5,5,10,10,7,2,8,10,4.0,35.455843687057495,False,5,2,6,9,54,28.5,0.07407407407407407,0.14035087719298245,8.5,6.0,4.272101879119873,1.1283791670955126,0.3679700005769246,5.047368752524046
42,/home/sourabh/prj/DLA/runs/part02_stickiness_of_particles/19_05_09_13_00_49_GMADDA_k1.0_ls11_pad1,27,1.0,11,1,204.6500546230325,121.0,11,11,28,0,7,5,5,5,10,10,7,2,8,10,4.0,35.455843687057495,False,5,2,6,9,54,28.5,0.07407407407407407,0.14035087719298245,8.5,6.0,4.272101879119873,1.1283791670955126,0.3679700005769246,5.047368752524046
43,/home/sourabh/prj/DLA/runs/part02_stickiness_of_particles/19_05_09_13_00_49_GMADDA_k1.0_ls11_pad1,28,1.0,11,1,204.6500546230325,121.0,11,11,28,0,7,5,5,5,10,10,7,2,8,10,4.0,35.455843687057495,False,5,2,6,9,54,28.5,0.07407407407407407,0.14035087719298245,8.5,6.0,4.272101879119873,1.1283791670955126,0.38371022654516596,5.0998361724181835
44,/home/sourabh/prj/DLA/runs/part02_stickiness_of_particles/19_05_09_13_00_49_GMADDA_k1.0_ls11_pad1,28,1.0,11,1,204.6500546230325,121.0,11,11,27,0,7,5,5,5,10,10,7,2,8,10,4.0,35.455843687057495,False,5,2,6,9,54,28.5,0.07407407407407407,0.14035087719298245,8.5,6.0,4.272101879119873,1.1283791670955126,0.38371022654516596,5.0998361724181835
45,/home/sourabh/prj/DLA/runs/part02_stickiness_of_particles/19_05_09_13_00_49_GMADDA_k1.0_ls11_pad1,29,1.0,11,1,204.6500546230325,121.0,11,11,27,0,7,5,5,5,10,10,7,2,8,10,4.0,35.455843687057495,False,5,2,6,9,54,28.5,0.07407407407407407,0.14035087719298245,8.5,6.0,4.272101879119873,1.1283791670955126,0.3633088503152687,5.131724892778819
46,/home/sourabh/prj/DLA/runs/part02_stickiness_of_particles/19_05_09_13_00_49_GMADDA_k1.0_ls11_pad1,29,1.0,11,1,204.6500546230325,121.0,11,11,26,0,7,5,5,5,10,10,7,2,8,10,4.0,35.455843687057495,False,5,2,6,9,54,28.5,0.07407407407407407,0.14035087719298245,8.5,6.0,4.272101879119873,1.1283791670955126,0.3633088503152687,5.131724892778819
47,/home/sourabh/prj/DLA/runs/part02_stickiness_of_particles/19_05_09_13_00_49_GMADDA_k1.0_ls11_pad1,30,1.0,11,1,204.6500546230325,121.0,11,11,26,0,7,5,5,5,10,10,7,2,8,10,4.0,37.455843687057495,False,5,2,6,9,54,31.0,0.07407407407407407,0.12903225806451613,8.5,6.0,4.272101879119873,1.1283791670955126,0.38538178860393063,5.217634783981654
48,/home/sourabh/prj/DLA/runs/part02_stickiness_of_particles/19_05_09_13_00_49_GMADDA_k1.0_ls11_pad1,30,1.0,11,1,204.6500546230325,121.0,11,11,25,0,7,5,5,5,10,10,7,2,8,10,4.0,37.455843687057495,False,5,2,6,9,54,31.0,0.07407407407407407,0.12903225806451613,8.5,6.0,4.272101879119873,1.1283791670955126,0.38538178860393063,5.217634783981654
49,/home/sourabh/prj/DLA/runs/part02_stickiness_of_particles/19_05_09_13_00_49_GMADDA_k1.0_ls11_pad1,31,1.0,11,1,204.6500546230325,121.0,11,11,25,0,7,5,5,5,10,10,7,2,8,10,4.0,37.455843687057495,False,5,2,6,9,54,31.0,0.07407407407407407,0.12903225806451613,8.5,6.0,4.272101879119873,1.1283791670955126,0.4066124358265774,5.300135162705711
50,/home/sourabh/prj/DLA/runs/part02_stickiness_of_particles/19_05_09_13_00_49_GMADDA_k1.0_ls11_pad1,31,1.0,11,1,204.6500546230325,121.0,11,11,24,0,7,5,5,5,10,10,7,2,8,10,4.0,37.455843687057495,False,5,2,6,9,54,31.0,0.07407407407407407,0.12903225806451613,8.5,6.0,4.272101879119873,1.1283791670955126,0.4066124358265774,5.300135162705711
51,/home/sourabh/prj/DLA/runs/part02_stickiness_of_particles/19_05_09_13_00_49_GMADDA_k1.0_ls11_pad1,32,1.0,11,1,204.6500546230325,121.0,11,11,24,0,7,5,5,5,10,10,7,2,8,10,4.0,37.455843687057495,False,5,2,6,9,54,31.0,0.07407407407407407,0.12903225806451613,8.5,6.0,4.272101879119873,1.1283791670955126,0.41881874627717064,5.379495950248103
52,/home/sourabh/prj/DLA/runs/part02_stickiness_of_particles/19_05_09_13_00_49_GMADDA_k1.0_ls11_pad1,32,1.0,11,1,204.6500546230325,121.0,11,11,23,0,7,5,5,5,10,10,7,2,8,10,4.0,37.455843687057495,False,5,2,6,9,54,31.0,0.07407407407407407,0.12903225806451613,8.5,6.0,4.272101879119873,1.1283791670955126,0.41881874627717064,5.379495950248103
53,/home/sourabh/prj/DLA/runs/part02_stickiness_of_particles/19_05_09_13_00_49_GMADDA_k1.0_ls11_pad1,33,1.0,11,1,204.6500546230325,121.0,11,11,23,0,7,5,5,5,10,10,7,2,8,10,4.0,37.455843687057495,False,5,2,6,9,54,31.0,0.07407407407407407,0.12903225806451613,8.5,6.0,4.272101879119873,1.1283791670955126,0.39867520345159807,5.40249763635816
54,/home/sourabh/prj/DLA/runs/part02_stickiness_of_particles/19_05_09_13_00_49_GMADDA_k1.0_ls11_pad1,33,1.0,11,1,204.6500546230325,121.0,11,11,22,0,7,5,5,5,10,10,7,2,8,10,4.0,37.455843687057495,False,5,2,6,9,54,31.0,0.07407407407407407,0.12903225806451613,8.5,6.0,4.272101879119873,1.1283791670955126,0.39867520345159807,5.40249763635816
55,/home/sourabh/prj/DLA/runs/part02_stickiness_of_particles/19_05_09_13_00_49_GMADDA_k1.0_ls11_pad1,34,1.0,11,1,204.6500546230325,121.0,11,11,22,0,7,5,5,5,10,10,7,2,8,10,4.0,37.455843687057495,False,5,2,6,9,54,31.0,0.07407407407407407,0.12903225806451613,8.5,6.0,4.272101879119873,1.1283791670955126,0.41159582001916306,5.445566358250043
56,/home/sourabh/prj/DLA/runs/part02_stickiness_of_particles/19_05_09_13_00_49_GMADDA_k1.0_ls11_pad1,34,1.0,11,1,204.6500546230325,121.0,11,11,21,0,7,5,5,5,10,10,7,2,8,10,4.0,37.455843687057495,False,5,2,6,9,54,31.0,0.07407407407407407,0.12903225806451613,8.5,6.0,4.272101879119873,1.1283791670955126,0.41159582001916306,5.445566358250043
57,/home/sourabh/prj/DLA/runs/part02_stickiness_of_particles/19_05_09_13_00_49_GMADDA_k1.0_ls11_pad1,35,1.0,11,1,204.6500546230325,121.0,11,11,21,0,7,5,5,5,10,10,7,2,8,10,4.0,37.455843687057495,False,5,2,6,9,54,31.0,0.07407407407407407,0.12903225806451613,8.5,6.0,4.272101879119873,1.1283791670955126,0.4241418727275513,5.4873865339446715
58,/home/sourabh/prj/DLA/runs/part02_stickiness_of_particles/19_05_09_13_00_49_GMADDA_k1.0_ls11_pad1,35,1.0,11,1,204.6500546230325,121.0,11,11,20,0,7,5,5,5,10,10,7,2,8,10,4.0,37.455843687057495,False,5,2,6,9,54,31.0,0.07407407407407407,0.12903225806451613,8.5,6.0,4.272101879119873,1.1283791670955126,0.4241418727275513,5.4873865339446715
59,/home/sourabh/prj/DLA/runs/part02_stickiness_of_particles/19_05_09_13_00_49_GMADDA_k1.0_ls11_pad1,36,1.0,11,1,204.6500546230325,121.0,11,11,20,0,7,5,5,5,10,10,7,2,8,10,4.0,37.455843687057495,False,5,2,6,9,54,31.0,0.07407407407407407,0.12903225806451613,8.5,6.0,4.272101879119873,1.1283791670955126,0.42893440993237736,5.528028518442018
60,/home/sourabh/prj/DLA/runs/part02_stickiness_of_particles/19_05_09_13_00_49_GMADDA_k1.0_ls11_pad1,36,1.0,11,1,204.6500546230325,121.0,11,11,19,0,7,5,5,5,10,10,7,2,8,10,4.0,37.455843687057495,False,5,2,6,9,54,31.0,0.07407407407407407,0.12903225806451613,8.5,6.0,4.272101879119873,1.1283791670955126,0.42893440993237736,5.528028518442018
61,/home/sourabh/prj/DLA/runs/part02_stickiness_of_particles/19_05_09_13_00_49_GMADDA_k1.0_ls11_pad1,37,1.0,11,1,204.6500546230325,121.0,11,11,19,0,7,5,5,5,10,10,7,2,8,10,4.0,37.455843687057495,False,5,2,6,9,54,31.0,0.07407407407407407,0.12903225806451613,8.5,6.0,4.272101879119873,1.1283791670955126,0.4398940408656431,5.598257154960726
62,/home/sourabh/prj/DLA/runs/part02_stickiness_of_particles/19_05_09_13_00_49_GMADDA_k1.0_ls11_pad1,37,1.0,11,1,204.6500546230325,121.0,11,11,18,0,7,5,5,5,10,10,7,2,8,10,4.0,37.455843687057495,False,5,2,6,9,54,31.0,0.07407407407407407,0.12903225806451613,8.5,6.0,4.272101879119873,1.1283791670955126,0.4398940408656431,5.598257154960726
63,/home/sourabh/prj/DLA/runs/part02_stickiness_of_particles/19_05_09_13_00_49_GMADDA_k1.0_ls11_pad1,38,1.0,11,1,204.6500546230325,121.0,11,11,18,0,7,5,5,5,10,10,7,2,8,10,4.5,38.870057225227356,False,5,2,6,9,54,31.0,0.08333333333333333,0.14516129032258066,8.5,6.0,4.272101879119873,1.196826841204298,0.45143628521003387,5.636731302775362
64,/home/sourabh/prj/DLA/runs/part02_stickiness_of_particles/19_05_09_13_00_49_GMADDA_k1.0_ls11_pad1,38,1.0,11,1,204.6500546230325,121.0,11,11,17,0,7,5,5,5,10,10,7,2,8,10,4.5,38.870057225227356,False,5,2,6,9,54,31.0,0.08333333333333333,0.14516129032258066,8.5,6.0,4.272101879119873,1.196826841204298,0.45143628521003387,5.636731302775362
65,/home/sourabh/prj/DLA/runs/part02_stickiness_of_particles/19_05_09_13_00_49_GMADDA_k1.0_ls11_pad1,39,1.0,11,1,204.6500546230325,121.0,11,11,17,0,7,5,5,5,10,10,7,2,8,10,4.5,38.870057225227356,False,5,2,6,9,54,31.0,0.08333333333333333,0.14516129032258066,8.5,6.0,4.272101879119873,1.196826841204298,0.4618566461551369,5.703652852720812
66,/home/sourabh/prj/DLA/runs/part02_stickiness_of_particles/19_05_09_13_00_49_GMADDA_k1.0_ls11_pad1,39,1.0,11,1,204.6500546230325,121.0,11,11,16,0,7,5,5,5,10,10,7,2,8,10,4.5,38.870057225227356,False,5,2,6,9,54,31.0,0.08333333333333333,0.14516129032258066,8.5,6.0,4.272101879119873,1.196826841204298,0.4618566461551369,5.703652852720812
67,/home/sourabh/prj/DLA/runs/part02_stickiness_of_particles/19_05_09_13_00_49_GMADDA_k1.0_ls11_pad1,40,1.0,11,1,204.6500546230325,121.0,11,11,16,0,8,6,5,5,10,10,7,2,8,10,13.0,31.79898953437805,False,5,2,6,9,54,31.0,0.24074074074074073,0.41935483870967744,8.5,6.0,4.272101879119873,2.0342144725641096,0.4728144089626706,5.740178728745925
68,/home/sourabh/prj/DLA/runs/part02_stickiness_of_particles/19_05_09_13_00_49_GMADDA_k1.0_ls11_pad1,40,1.0,11,1,204.6500546230325,121.0,11,11,15,0,8,6,5,5,10,10,7,2,8,10,13.0,31.79898953437805,False,5,2,6,9,54,31.0,0.24074074074074073,0.41935483870967744,8.5,6.0,4.272101879119873,2.0342144725641096,0.4728144089626706,5.740178728745925
69,/home/sourabh/prj/DLA/runs/part02_stickiness_of_particles/19_05_09_13_00_49_GMADDA_k1.0_ls11_pad1,41,1.0,11,1,204.6500546230325,121.0,11,11,15,0,8,6,5,5,10,10,7,2,8,10,13.0,31.79898953437805,False,5,2,6,9,54,31.0,0.24074074074074073,0.41935483870967744,8.5,6.0,4.272101879119873,2.0342144725641096,0.45929923265324935,5.754326565884372
70,/home/sourabh/prj/DLA/runs/part02_stickiness_of_particles/19_05_09_13_00_49_GMADDA_k1.0_ls11_pad1,41,1.0,11,1,204.6500546230325,121.0,11,11,14,0,8,6,5,5,10,10,7,2,8,10,13.0,31.79898953437805,False,5,2,6,9,54,31.0,0.24074074074074073,0.41935483870967744,8.5,6.0,4.272101879119873,2.0342144725641096,0.45929923265324935,5.754326565884372
71,/home/sourabh/prj/DLA/runs/part02_stickiness_of_particles/19_05_09_13_00_49_GMADDA_k1.0_ls11_pad1,42,1.0,11,1,204.6500546230325,121.0,11,11,14,0,8,6,5,5,10,10,7,2,8,10,13.0,31.79898953437805,False,5,2,6,9,54,31.0,0.24074074074074073,0.41935483870967744,8.5,6.0,4.272101879119873,2.0342144725641096,0.4697288581014529,5.78909198404505
72,/home/sourabh/prj/DLA/runs/part02_stickiness_of_particles/19_05_09_13_00_49_GMADDA_k1.0_ls11_pad1,42,1.0,11,1,204.6500546230325,121.0,11,11,13,0,8,6,5,5,10,10,7,2,8,10,13.0,31.79898953437805,False,5,2,6,9,54,31.0,0.24074074074074073,0.41935483870967744,8.5,6.0,4.272101879119873,2.0342144725641096,0.4697288581014529,5.78909198404505
73,/home/sourabh/prj/DLA/runs/part02_stickiness_of_particles/19_05_09_13_00_49_GMADDA_k1.0_ls11_pad1,43,1.0,11,1,204.6500546230325,121.0,11,11,13,0,8,6,5,5,10,10,7,2,8,10,14.0,30.97056245803833,False,5,2,6,9,54,31.0,0.25925925925925924,0.45161290322580644,8.5,6.0,4.272101879119873,2.111004122822376,0.47991305767845394,5.823039315968387
74,/home/sourabh/prj/DLA/runs/part02_stickiness_of_particles/19_05_09_13_00_49_GMADDA_k1.0_ls11_pad1,43,1.0,11,1,204.6500546230325,121.0,11,11,12,0,8,6,5,5,10,10,7,2,8,10,14.0,30.97056245803833,False,5,2,6,9,54,31.0,0.25925925925925924,0.45161290322580644,8.5,6.0,4.272101879119873,2.111004122822376,0.47991305767845394,5.823039315968387
75,/home/sourabh/prj/DLA/runs/part02_stickiness_of_particles/19_05_09_13_00_49_GMADDA_k1.0_ls11_pad1,44,1.0,11,1,204.6500546230325,121.0,11,11,12,0,8,6,5,5,10,10,7,2,8,10,14.0,30.97056245803833,False,5,2,6,9,54,31.0,0.25925925925925924,0.45161290322580644,8.5,6.0,4.272101879119873,2.111004122822376,0.4898631168590137,5.8562061799035865
76,/home/sourabh/prj/DLA/runs/part02_stickiness_of_particles/19_05_09_13_00_49_GMADDA_k1.0_ls11_pad1,44,1.0,11,1,204.6500546230325,121.0,11,11,11,0,8,6,5,5,10,10,7,2,8,10,14.0,30.97056245803833,False,5,2,6,9,54,31.0,0.25925925925925924,0.45161290322580644,8.5,6.0,4.272101879119873,2.111004122822376,0.4898631168590137,5.8562061799035865
77,/home/sourabh/prj/DLA/runs/part02_stickiness_of_particles/19_05_09_13_00_49_GMADDA_k1.0_ls11_pad1,45,1.0,11,1,204.6500546230325,121.0,11,11,11,0,8,6,5,5,10,10,7,2,8,10,15.0,30.14213538169861,False,5,2,6,9,54,31.0,0.2777777777777778,0.4838709677419355,8.5,6.0,4.272101879119873,2.1850968611841584,0.4995895601667257,5.8886276575959595
78,/home/sourabh/prj/DLA/runs/part02_stickiness_of_particles/19_05_09_13_00_49_GMADDA_k1.0_ls11_pad1,45,1.0,11,1,204.6500546230325,121.0,11,11,10,0,8,6,5,5,10,10,7,2,8,10,15.0,30.14213538169861,False,5,2,6,9,54,31.0,0.2777777777777778,0.4838709677419355,8.5,6.0,4.272101879119873,2.1850968611841584,0.4995895601667257,5.8886276575959595
79,/home/sourabh/prj/DLA/runs/part02_stickiness_of_particles/19_05_09_13_00_49_GMADDA_k1.0_ls11_pad1,46,1.0,11,1,204.6500546230325,121.0,11,11,10,0,8,6,5,5,10,10,7,2,8,10,15.0,30.14213538169861,False,5,2,6,9,54,31.0,0.2777777777777778,0.4838709677419355,8.5,6.0,4.272101879119873,2.1850968611841584,0.5091022180849278,5.9203365173233005
80,/home/sourabh/prj/DLA/runs/part02_stickiness_of_particles/19_05_09_13_00_49_GMADDA_k1.0_ls11_pad1,46,1.0,11,1,204.6500546230325,121.0,11,11,9,0,8,6,5,5,10,10,7,2,8,10,15.0,30.14213538169861,False,5,2,6,9,54,31.0,0.2777777777777778,0.4838709677419355,8.5,6.0,4.272101879119873,2.1850968611841584,0.5091022180849278,5.9203365173233005
81,/home/sourabh/prj/DLA/runs/part02_stickiness_of_particles/19_05_09_13_00_49_GMADDA_k1.0_ls11_pad1,47,1.0,11,1,204.6500546230325,121.0,11,11,9,0,8,6,5,5,10,1,6,0,8,10,15.0,42.97056245803833,False,5,0,6,11,66,42.0,0.22727272727272727,0.35714285714285715,8.0,5.0,5.385264873504639,2.1850968611841584,0.5184102867711157,5.951363412943926
82,/home/sourabh/prj/DLA/runs/part02_stickiness_of_particles/19_05_09_13_00_49_GMADDA_k1.0_ls11_pad1,47,1.0,11,1,204.6500546230325,121.0,11,11,8,0,8,6,5,5,10,1,6,0,8,10,15.0,42.97056245803833,False,5,0,6,11,66,42.0,0.22727272727272727,0.35714285714285715,8.0,5.0,5.385264873504639,2.1850968611841584,0.5184102867711157,5.951363412943926
83,/home/sourabh/prj/DLA/runs/part02_stickiness_of_particles/19_05_09_13_00_49_GMADDA_k1.0_ls11_pad1,48,1.0,11,1,204.6500546230325,121.0,11,11,8,0,8,6,5,5,10,1,6,0,8,10,15.0,42.97056245803833,False,5,0,6,11,66,42.0,0.22727272727272727,0.35714285714285715,8.0,5.0,5.385264873504639,2.1850968611841584,0.5275223814841712,5.981737061987444
84,/home/sourabh/prj/DLA/runs/part02_stickiness_of_particles/19_05_09_13_00_49_GMADDA_k1.0_ls11_pad1,48,1.0,11,1,204.6500546230325,121.0,11,11,7,0,8,6,5,5,10,1,6,0,8,10,15.0,42.97056245803833,False,5,0,6,11,66,42.0,0.22727272727272727,0.35714285714285715,8.0,5.0,5.385264873504639,2.1850968611841584,0.5275223814841712,5.981737061987444
85,/home/sourabh/prj/DLA/runs/part02_stickiness_of_particles/19_05_09_13_00_49_GMADDA_k1.0_ls11_pad1,49,1.0,11,1,204.6500546230325,121.0,11,11,7,0,8,6,5,5,10,1,6,0,8,10,15.0,42.97056245803833,False,5,0,6,11,66,42.0,0.22727272727272727,0.35714285714285715,8.0,5.0,5.385264873504639,2.1850968611841584,0.5364465845023861,6.011484405381496
86,/home/sourabh/prj/DLA/runs/part02_stickiness_of_particles/19_05_09_13_00_49_GMADDA_k1.0_ls11_pad1,49,1.0,11,1,204.6500546230325,121.0,11,11,6,0,8,6,5,5,10,1,6,0,8,10,15.0,42.97056245803833,False,5,0,6,11,66,42.0,0.22727272727272727,0.35714285714285715,8.0,5.0,5.385264873504639,2.1850968611841584,0.5364465845023861,6.011484405381496
87,/home/sourabh/prj/DLA/runs/part02_stickiness_of_particles/19_05_09_13_00_49_GMADDA_k1.0_ls11_pad1,50,1.0,11,1,204.6500546230325,121.0,11,11,6,0,8,6,5,5,10,1,6,0,8,10,15.0,42.97056245803833,False,5,0,6,11,66,42.0,0.22727272727272727,0.35714285714285715,8.0,5.0,5.385264873504639,2.1850968611841584,0.5451904882002413,6.040630751041013
88,/home/sourabh/prj/DLA/runs/part02_stickiness_of_particles/19_05_09_13_00_49_GMADDA_k1.0_ls11_pad1,50,1.0,11,1,204.6500546230325,121.0,11,11,5,0,8,6,5,5,10,1,6,0,8,10,15.0,42.97056245803833,False,5,0,6,11,66,42.0,0.22727272727272727,0.35714285714285715,8.0,5.0,5.385264873504639,2.1850968611841584,0.5451904882002413,6.040630751041013
89,/home/sourabh/prj/DLA/runs/part02_stickiness_of_particles/19_05_09_13_00_49_GMADDA_k1.0_ls11_pad1,51,1.0,11,1,204.6500546230325,121.0,11,11,5,0,8,6,5,5,10,1,6,0,8,10,15.0,46.97056245803833,False,5,0,6,11,66,47.0,0.22727272727272727,0.3191489361702128,7.5,5.199999809265137,5.412123680114746,2.1850968611841584,0.553761233859273,6.069199903237784
90,/home/sourabh/prj/DLA/runs/part02_stickiness_of_particles/19_05_09_13_00_49_GMADDA_k1.0_ls11_pad1,51,1.0,11,1,204.6500546230325,121.0,11,11,4,0,8,6,5,5,10,1,6,0,8,10,15.0,46.97056245803833,False,5,0,6,11,66,47.0,0.22727272727272727,0.3191489361702128,7.5,5.199999809265137,5.412123680114746,2.1850968611841584,0.553761233859273,6.069199903237784
91,/home/sourabh/prj/DLA/runs/part02_stickiness_of_particles/19_05_09_13_00_49_GMADDA_k1.0_ls11_pad1,52,1.0,11,1,204.6500546230325,121.0,11,11,4,0,6,5,0,0,10,1,0,0,0,10,20.5,78.04163014888763,False,0,0,11,11,121,99.5,0.16942148760330578,0.20603015075376885,5.0,5.0,7.071167945861816,2.5544769849751456,0.5621655467101513,6.09721427940738
92,/home/sourabh/prj/DLA/runs/part02_stickiness_of_particles/19_05_09_13_00_49_GMADDA_k1.0_ls11_pad1,52,1.0,11,1,204.6500546230325,121.0,11,11,3,0,6,5,0,0,10,1,0,0,0,10,20.5,78.04163014888763,False,0,0,11,11,121,99.5,0.16942148760330578,0.20603015075376885,5.0,5.0,7.071167945861816,2.5544769849751456,0.5621655467101513,6.09721427940738
93,/home/sourabh/prj/DLA/runs/part02_stickiness_of_particles/19_05_09_13_00_49_GMADDA_k1.0_ls11_pad1,53,1.0,11,1,204.6500546230325,121.0,11,11,3,0,6,5,0,0,10,1,0,0,0,10,21.0,83.4558436870575,False,0,0,11,11,121,99.5,0.17355371900826447,0.21105527638190955,5.0,5.0,7.071167945861816,2.5854414729132054,0.5704097676367839,6.124695015829488
94,/home/sourabh/prj/DLA/runs/part02_stickiness_of_particles/19_05_09_13_00_49_GMADDA_k1.0_ls11_pad1,53,1.0,11,1,204.6500546230325,121.0,11,11,2,0,6,5,0,0,10,1,0,0,0,10,21.0,83.4558436870575,False,0,0,11,11,121,99.5,0.17355371900826447,0.21105527638190955,5.0,5.0,7.071167945861816,2.5854414729132054,0.5704097676367839,6.124695015829488
95,/home/sourabh/prj/DLA/runs/part02_stickiness_of_particles/19_05_09_13_00_49_GMADDA_k1.0_ls11_pad1,54,1.0,11,1,204.6500546230325,121.0,11,11,2,0,6,5,0,0,10,1,0,0,0,10,21.5,84.04163014888763,False,0,0,11,11,121,100.0,0.17768595041322313,0.215,5.0,5.0,7.071167945861816,2.6160394784772456,0.5720868481748927,6.1516620634297565
96,/home/sourabh/prj/DLA/runs/part02_stickiness_of_particles/19_05_09_13_00_49_GMADDA_k1.0_ls11_pad1,54,1.0,11,1,204.6500546230325,121.0,11,11,1,0,6,5,0,0,10,1,0,0,0,10,21.5,84.04163014888763,False,0,0,11,11,121,100.0,0.17768595041322313,0.215,5.0,5.0,7.071167945861816,2.6160394784772456,0.5720868481748927,6.1516620634297565
97,/home/sourabh/prj/DLA/runs/part02_stickiness_of_particles/19_05_09_13_00_49_GMADDA_k1.0_ls11_pad1,55,1.0,11,1,204.6500546230325,121.0,11,11,1,0,5,5,0,0,10,10,0,0,0,10,100.0,40.0,False,0,0,11,11,121,100.0,0.8264462809917356,1.0,5.0,5.0,7.071167945861816,5.641895835477563,0.5800285115832503,6.178134274790949
